-- phpMyAdmin SQL Dump
-- version 5.2.0
-- https://www.phpmyadmin.net/
--
-- Host: 127.0.0.1
-- Generation Time: Aug 12, 2022 at 04:05 PM
-- Server version: 10.4.24-MariaDB
-- PHP Version: 8.1.6

SET SQL_MODE = "NO_AUTO_VALUE_ON_ZERO";
START TRANSACTION;
SET time_zone = "+00:00";


/*!40101 SET @OLD_CHARACTER_SET_CLIENT=@@CHARACTER_SET_CLIENT */;
/*!40101 SET @OLD_CHARACTER_SET_RESULTS=@@CHARACTER_SET_RESULTS */;
/*!40101 SET @OLD_COLLATION_CONNECTION=@@COLLATION_CONNECTION */;
/*!40101 SET NAMES utf8mb4 */;

--
-- Database: `cinedistritaldb`
--

-- --------------------------------------------------------

--
-- Table structure for table `asiento`
--

CREATE TABLE `asiento` (
  `idasiento` int(11) NOT NULL,
  `posicion` varchar(45) NOT NULL,
  `tipo_asiento` varchar(45) NOT NULL
) ENGINE=InnoDB DEFAULT CHARSET=utf8;

--
-- Dumping data for table `asiento`
--

INSERT INTO `asiento` (`idasiento`, `posicion`, `tipo_asiento`) VALUES
(1, 'A1', 'General'),
(2, 'A2', 'General'),
(3, 'A3', 'General'),
(4, 'A4', 'General'),
(5, 'A5', 'General'),
(6, 'A6', 'General'),
(7, 'A7', 'General'),
(8, 'A8', 'General'),
(9, 'A9', 'General'),
(10, 'A10', 'General'),
(11, 'B1', 'General'),
(12, 'B2', 'General'),
(13, 'B3', 'General'),
(14, 'B4', 'General'),
(15, 'B5', 'General'),
(16, 'B6', 'General'),
(17, 'B7', 'General'),
(18, 'B8', 'General'),
(19, 'B9', 'General'),
(20, 'B10', 'General'),
(21, 'C1', 'General'),
(22, 'C2', 'General'),
(23, 'C3', 'General'),
(24, 'C4', 'General'),
(25, 'C5', 'General'),
(26, 'C6', 'General'),
(27, 'C7', 'General'),
(28, 'C8', 'General'),
(29, 'C9', 'General'),
(30, 'C10', 'General'),
(31, 'D1', 'General'),
(32, 'D2', 'General'),
(33, 'D3', 'General'),
(34, 'D4', 'General'),
(35, 'D5', 'General'),
(36, 'D6', 'General'),
(37, 'D7', 'General'),
(38, 'D8', 'General'),
(39, 'D9', 'General'),
(40, 'D10', 'General'),
(41, 'E1', 'Preferencial'),
(42, 'E2', 'Preferencial'),
(43, 'E3', 'Preferencial'),
(44, 'E4', 'Preferencial'),
(45, 'E5', 'Preferencial'),
(46, 'E6', 'Preferencial'),
(47, 'E7', 'Preferencial'),
(48, 'E8', 'Preferencial'),
(49, 'E9', 'Preferencial'),
(50, 'E10', 'Preferencial'),
(51, 'F1', 'Preferencial'),
(52, 'F2', 'Preferencial'),
(53, 'F3', 'Preferencial'),
(54, 'F4', 'Preferencial'),
(55, 'F5', 'Preferencial'),
(56, 'F6', 'Preferencial'),
(57, 'F7', 'Preferencial'),
(58, 'F8', 'Preferencial'),
(59, 'F9', 'Preferencial'),
(60, 'F10', 'Preferencial');

-- --------------------------------------------------------

--
-- Table structure for table `calificacion`
--

CREATE TABLE `calificacion` (
  `idcalificacion` int(11) NOT NULL,
  `valor` decimal(1,0) NOT NULL,
  `pelicula_idpelicula` int(11) NOT NULL,
  `cliente_documento` int(11) NOT NULL
) ENGINE=InnoDB DEFAULT CHARSET=utf8;

--
-- Dumping data for table `calificacion`
--

INSERT INTO `calificacion` (`idcalificacion`, `valor`, `pelicula_idpelicula`, `cliente_documento`) VALUES
(3, '1', 1, 1),
(4, '2', 2, 1),
(5, '3', 1, 2),
(6, '5', 1, 3),
(7, '2', 3, 3),
(8, '1', 4, 1);

-- --------------------------------------------------------

--
-- Table structure for table `cliente`
--

CREATE TABLE `cliente` (
  `documento` int(11) NOT NULL,
  `contraseña` varchar(45) NOT NULL,
  `puntos` int(11) NOT NULL,
  `nombre` varchar(45) NOT NULL
) ENGINE=InnoDB DEFAULT CHARSET=utf8;

--
-- Dumping data for table `cliente`
--

INSERT INTO `cliente` (`documento`, `contraseña`, `puntos`, `nombre`) VALUES
(1, '1', 0, 'Daniel'),
(2, '2', 0, 'Juana'),
(3, '3', 0, 'Miguel'),
(4, '4', 0, 'Juan David'),
(5, '5', 0, 'Esteban'),
(6, '6', 0, 'Nicolas'),
(23, '23', 0, 'Camila');

-- --------------------------------------------------------

--
-- Table structure for table `empleados`
--

CREATE TABLE `empleados` (
  `codigo` int(11) NOT NULL,
  `cedula` varchar(45) NOT NULL,
  `telefono` varchar(45) NOT NULL,
  `cargo` varchar(45) NOT NULL,
  `salario` varchar(45) NOT NULL,
  `fecha_contratacion` varchar(45) NOT NULL,
  `multiplex_idmultiplex` int(11) NOT NULL
) ENGINE=InnoDB DEFAULT CHARSET=utf8;

--
-- Dumping data for table `empleados`
--

INSERT INTO `empleados` (`codigo`, `cedula`, `telefono`, `cargo`, `salario`, `fecha_contratacion`, `multiplex_idmultiplex`) VALUES
(123, '123', '3133214097', 'Admin', '7000000', '2010-03-12', 1),
(1234, '1234', '1234', 'Siuu', '100000', '2022-02-11', 1),
(1, '12345', '123', 'Rappi', '1200000', '2021-12-12', 3),
(456756, '132', '213', 'Secretario', '3344444', '2022-02-21', 5);

-- --------------------------------------------------------

--
-- Table structure for table `fechas`
--

CREATE TABLE `fechas` (
  `idfecha` int(11) NOT NULL,
  `fecha` date NOT NULL
) ENGINE=InnoDB DEFAULT CHARSET=utf8;

--
-- Dumping data for table `fechas`
--

INSERT INTO `fechas` (`idfecha`, `fecha`) VALUES
(1, '2022-08-14'),
(2, '2022-08-15'),
(3, '2022-08-16'),
(4, '2022-08-17'),
(5, '2022-08-18'),
(6, '2022-08-19'),
(7, '2022-08-20'),
(8, '2022-08-21');

-- --------------------------------------------------------

--
-- Table structure for table `funcion`
--

CREATE TABLE `funcion` (
  `idfuncion` int(11) NOT NULL,
  `numsala` int(11) NOT NULL,
  `pelicula_idpelicula` int(11) NOT NULL,
  `multiplex_idmultiplex` int(11) NOT NULL,
  `horario_idhorario` int(11) NOT NULL,
  `fechas_idfecha` int(11) NOT NULL
) ENGINE=InnoDB DEFAULT CHARSET=utf8;

--
-- Dumping data for table `funcion`
--

INSERT INTO `funcion` (`idfuncion`, `numsala`, `pelicula_idpelicula`, `multiplex_idmultiplex`, `horario_idhorario`, `fechas_idfecha`) VALUES
(1, 1, 1, 1, 7, 1),
(2, 1, 1, 1, 14, 1),
(3, 1, 1, 1, 20, 1),
(4, 1, 1, 1, 27, 1),
(5, 2, 2, 1, 3, 1),
(6, 2, 2, 1, 10, 1),
(7, 2, 2, 1, 18, 1),
(8, 3, 3, 1, 14, 1),
(9, 3, 3, 1, 22, 1),
(10, 4, 4, 1, 7, 1),
(11, 4, 4, 1, 17, 1),
(12, 5, 5, 1, 17, 1),
(13, 5, 5, 1, 24, 1),
(14, 1, 1, 1, 8, 2),
(15, 1, 1, 1, 17, 2),
(16, 1, 1, 1, 24, 2),
(17, 2, 2, 1, 1, 2),
(18, 2, 2, 1, 13, 2),
(19, 3, 3, 1, 13, 2),
(20, 5, 5, 1, 11, 2),
(21, 5, 5, 1, 19, 2),
(22, 5, 5, 1, 25, 2),
(23, 1, 1, 1, 13, 3),
(24, 1, 1, 1, 20, 3),
(25, 3, 3, 1, 20, 3),
(26, 3, 3, 1, 10, 3),
(27, 4, 4, 1, 14, 3),
(28, 4, 4, 1, 22, 3),
(29, 5, 5, 1, 8, 3),
(30, 5, 5, 1, 20, 3),
(31, 1, 1, 1, 20, 4),
(32, 1, 1, 1, 10, 4),
(33, 2, 2, 1, 10, 4),
(34, 3, 3, 1, 10, 4),
(35, 4, 4, 1, 17, 4),
(36, 5, 5, 1, 15, 4),
(37, 5, 5, 1, 22, 4),
(38, 2, 2, 2, 10, 1),
(39, 2, 2, 2, 18, 1),
(41, 4, 4, 2, 9, 1),
(42, 4, 4, 2, 19, 1),
(43, 4, 4, 2, 25, 1),
(44, 2, 2, 2, 10, 2),
(45, 2, 2, 2, 18, 2),
(47, 4, 4, 2, 2, 2),
(48, 4, 4, 2, 17, 2),
(49, 4, 4, 2, 9, 2),
(50, 2, 2, 2, 9, 4),
(51, 2, 2, 2, 17, 4),
(52, 4, 4, 2, 7, 4),
(53, 4, 4, 2, 15, 4),
(54, 4, 4, 2, 22, 4),
(55, 1, 1, 3, 17, 1),
(56, 1, 1, 3, 27, 1),
(57, 2, 2, 3, 1, 1),
(58, 2, 2, 3, 9, 1),
(59, 2, 2, 3, 17, 1),
(60, 5, 5, 3, 7, 1),
(61, 5, 5, 3, 15, 1),
(62, 5, 5, 3, 22, 1),
(63, 1, 1, 3, 10, 2),
(64, 1, 1, 3, 19, 2),
(65, 2, 2, 3, 4, 2),
(66, 2, 2, 3, 12, 2),
(67, 5, 5, 3, 12, 2),
(68, 5, 5, 3, 22, 2),
(69, 1, 1, 3, 10, 3),
(70, 1, 1, 3, 18, 3),
(71, 1, 1, 3, 27, 3),
(72, 2, 2, 3, 7, 3),
(73, 2, 2, 3, 14, 3),
(74, 5, 5, 3, 4, 3),
(75, 5, 5, 3, 14, 3),
(76, 5, 5, 3, 24, 3),
(77, 3, 3, 4, 10, 1),
(78, 3, 3, 4, 20, 1),
(79, 4, 4, 4, 2, 1),
(80, 4, 4, 4, 12, 1),
(81, 4, 4, 4, 22, 1),
(82, 5, 5, 4, 7, 1),
(83, 5, 5, 4, 15, 1),
(84, 5, 5, 4, 23, 1),
(85, 3, 3, 4, 10, 2),
(86, 3, 3, 4, 19, 2),
(87, 4, 4, 4, 5, 2),
(88, 4, 4, 4, 14, 2),
(89, 4, 4, 4, 21, 2),
(90, 5, 5, 4, 12, 2),
(91, 5, 5, 4, 19, 2),
(92, 3, 3, 4, 9, 3),
(93, 3, 3, 4, 19, 3),
(94, 4, 4, 4, 5, 3),
(95, 4, 4, 4, 11, 3),
(96, 4, 4, 4, 20, 3),
(97, 5, 5, 4, 20, 3),
(98, 3, 3, 4, 3, 4),
(99, 3, 3, 4, 13, 4),
(100, 3, 3, 4, 23, 4),
(101, 4, 4, 4, 23, 4),
(102, 5, 5, 4, 13, 4),
(103, 5, 5, 4, 20, 4),
(104, 1, 1, 5, 5, 1),
(105, 1, 1, 5, 13, 1),
(106, 1, 1, 5, 19, 1),
(107, 1, 1, 5, 27, 1),
(108, 2, 2, 5, 1, 1),
(109, 2, 2, 5, 11, 1),
(110, 2, 2, 5, 17, 1),
(111, 2, 2, 5, 24, 1),
(112, 1, 1, 5, 14, 2),
(113, 1, 1, 5, 24, 2),
(114, 3, 3, 5, 4, 2),
(115, 3, 3, 5, 13, 2),
(116, 3, 3, 5, 19, 2),
(117, 4, 4, 5, 10, 2),
(118, 4, 4, 5, 17, 2),
(119, 1, 1, 5, 17, 3),
(120, 1, 1, 5, 27, 3),
(121, 3, 3, 5, 7, 3),
(122, 3, 3, 5, 15, 3),
(123, 3, 3, 5, 22, 3),
(124, 4, 4, 5, 2, 3),
(125, 4, 4, 5, 10, 3),
(126, 1, 1, 5, 10, 4),
(127, 1, 1, 5, 18, 4),
(128, 1, 1, 5, 25, 4),
(129, 3, 3, 5, 5, 4),
(130, 3, 3, 5, 15, 4),
(131, 3, 3, 5, 25, 4),
(132, 4, 4, 5, 13, 4),
(133, 2, 2, 6, 10, 1),
(134, 2, 2, 6, 20, 1),
(136, 3, 3, 6, 8, 1),
(137, 3, 3, 6, 17, 1),
(138, 2, 2, 6, 4, 2),
(139, 2, 2, 6, 14, 2),
(140, 2, 2, 6, 22, 2),
(141, 3, 3, 6, 9, 2),
(142, 3, 3, 6, 18, 2),
(143, 3, 3, 6, 25, 2),
(144, 1, 1, 6, 5, 3),
(145, 1, 1, 6, 12, 3),
(146, 1, 1, 6, 18, 3),
(147, 1, 1, 6, 25, 3),
(148, 2, 2, 6, 5, 3),
(149, 2, 2, 6, 15, 3),
(150, 3, 3, 6, 19, 3),
(151, 1, 1, 6, 9, 4),
(152, 1, 1, 6, 17, 4),
(153, 2, 2, 6, 17, 4),
(154, 2, 2, 6, 27, 4),
(155, 3, 3, 6, 15, 4),
(156, 5, 4, 1, 30, 3),
(157, 2, 2, 4, 15, 8),
(158, 1, 5, 4, 34, 3),
(159, 4, 1, 2, 33, 1);

-- --------------------------------------------------------

--
-- Table structure for table `horario`
--

CREATE TABLE `horario` (
  `idhorario` int(11) NOT NULL,
  `hora` varchar(45) NOT NULL
) ENGINE=InnoDB DEFAULT CHARSET=utf8;

--
-- Dumping data for table `horario`
--

INSERT INTO `horario` (`idhorario`, `hora`) VALUES
(1, '10:05'),
(2, '10:45'),
(3, '11:15'),
(4, '11:55'),
(5, '12:40'),
(6, '12:55'),
(7, '13:10'),
(8, '13:40'),
(9, '14:20'),
(10, '14:35'),
(11, '15:35'),
(12, '15:50'),
(13, '16:15'),
(14, '16:10'),
(15, '17:20'),
(16, '17:50'),
(17, '18:50'),
(18, '18:45'),
(19, '19:40'),
(20, '19:55'),
(21, '20:20'),
(22, '20:35'),
(23, '21:05'),
(24, '21:35'),
(25, '22:15'),
(26, '22:30'),
(27, '23:00'),
(30, '22:45'),
(31, '23:05'),
(32, '23:50'),
(33, '23:55'),
(34, '00:05');

-- --------------------------------------------------------

--
-- Table structure for table `multiplex`
--

CREATE TABLE `multiplex` (
  `idmultiplex` int(11) NOT NULL,
  `nombre` varchar(45) NOT NULL
) ENGINE=InnoDB DEFAULT CHARSET=utf8;

--
-- Dumping data for table `multiplex`
--

INSERT INTO `multiplex` (`idmultiplex`, `nombre`) VALUES
(1, 'Titan'),
(2, 'Unicentro'),
(3, 'Plaza central'),
(4, 'Gran Estacion'),
(5, 'Embajador'),
(6, 'Las Americas');

-- --------------------------------------------------------

--
-- Table structure for table `pelicula`
--

CREATE TABLE `pelicula` (
  `idpelicula` int(11) NOT NULL,
  `nombre` varchar(45) NOT NULL,
  `imagen` blob NOT NULL
) ENGINE=InnoDB DEFAULT CHARSET=utf8;

--
-- Dumping data for table `pelicula`
--

INSERT INTO `pelicula` (`idpelicula`, `nombre`, `imagen`) VALUES
(1, 'Top Gun', 0xffd8ffe000104a46494600010101007800780000ffe100224578696600004d4d002a00000008000101120003000000010001000000000000ffdb0043000201010201010202020202020202030503030303030604040305070607070706070708090b0908080a0807070a0d0a0a0b0c0c0c0c07090e0f0d0c0e0b0c0c0cffdb004301020202030303060303060c0807080c0c0c0c0c0c0c0c0c0c0c0c0c0c0c0c0c0c0c0c0c0c0c0c0c0c0c0c0c0c0c0c0c0c0c0c0c0c0c0c0c0c0c0c0c0c0c0c0c0cffc000110800f000a003012200021101031101ffc4001f0000010501010101010100000000000000000102030405060708090a0bffc400b5100002010303020403050504040000017d01020300041105122131410613516107227114328191a1082342b1c11552d1f02433627282090a161718191a25262728292a3435363738393a434445464748494a535455565758595a636465666768696a737475767778797a838485868788898a92939495969798999aa2a3a4a5a6a7a8a9aab2b3b4b5b6b7b8b9bac2c3c4c5c6c7c8c9cad2d3d4d5d6d7d8d9dae1e2e3e4e5e6e7e8e9eaf1f2f3f4f5f6f7f8f9faffc4001f0100030101010101010101010000000000000102030405060708090a0bffc400b51100020102040403040705040400010277000102031104052131061241510761711322328108144291a1b1c109233352f0156272d10a162434e125f11718191a262728292a35363738393a434445464748494a535455565758595a636465666768696a737475767778797a82838485868788898a92939495969798999aa2a3a4a5a6a7a8a9aab2b3b4b5b6b7b8b9bac2c3c4c5c6c7c8c9cad2d3d4d5d6d7d8d9dae2e3e4e5e6e7e8e9eaf2f3f4f5f6f7f8f9faffda000c03010002110311003f00f41b7d0974eb3f30a061e8064b5747a1e86ceebc4637018047e95d269be1b8ae902614ae061b38c9f415a575f0d6798c4b6ec90aff00798f407b6335f0d8ccc257dcaa3874a3a94ed3c2c0c7f754f3d40e6bca7e237c7ed42ebc6e3c0ff0c7c37278dbc63e68b7b878d48d3f496209ff0048987ca08c74247a6734eff8281fed189fb33fc33d2fc3b67aa45a6f88bc54ff00678ef8c6643a6dae76c93ed5058b750bb467838e457d75fb377c08f0ff00c0df863a2e9ba25aa476f15ba4c4a232bdccb2282f712b3e1de47c9e580c0e001cd7cfe37349c629f7dba1ed6130304bda4fe48f8374bfd85be2ff00c75b6f1f68ff0012bc47abf87fc51047049e1ebbd3a627410b20c9ced4064652191930a5400790d9ac2d2bfe0849e2868d5b50f8e379e63754b6d0d8c793fef4c3f90afd4bf11f86e2d46d1668dcc2dd76f279ac4874044fef37a935e17f6b6262da8bd1fa7fc13d4becd1f00dd7ec47f12bf677f1c78674df037c4e9b55b1d520b932c1afc3b504d6d6e67c055dc9b64da54742a58726bb5f805f1fd3e2e477ba56ad6d2786fc65a3c464bbd3651f7a31d678bbb28ee39c71d4723e9cf8a1e04d4bc476f1dad9cab6d6d30c5c498f988f415f347edf5f0421f835e10f0dfc4cf08c5a95bf8a3c27a9c1135c4055a3f26563b9a607aa96c29ec7cd391c9ae8a58ea8d6fabf96ddfd43d9d3aed426b5ee7a27841a7bdd38b4d2c6f1c8d88590ee723e82b1be36fc3e9351d09afa1b85845bc67cc5938c2819e319ff00ebd62fc4dd20784b46d1be2068b7179a468be268629a4b7b48cc8961712282c98ec8dc95fa11d85789dd789f58f146bf71757179747cc39542c555b1d38e95e9e578858982af4a5a7ebd8e1c5e0e7427c93dfd4ccb2b65bdba93cd8a49119cae7710715e81e039ec7c2b746efecb05cba8fddc72b67a74ddce7d6ab59f862e35afb3ade1863894649e8c477e98e7eb4ed52eb47d03523f61b859a45e046a9b958f7e6ba7198a8d64e1abefdbef36c1e19c24aa2633f6a7fda2bc55a4e8de13b9d1f56bad1e35bb9619e3b195e059b28a5770079c6d6ebea6ba0f847f1b3c47aabc4d71abdd5d13863e73ef079f7cfad71df19adf43b9f00d8df789b4dd4ae2d2df528ccd158dda432a86565043323a8c1238239f515b5f083e21783dfc42b2699e1d5bad16271e55aead8b86752b805ca6ce724fdde3a71c57c3e2fd9c697fb3d36ad7d57f9df53eca9d394aded9a6d9f467873589358b8b749c46be7129b8766c575074e8e18952690617246d1c9af29b049fc53a85d1f0be97e1fd3459dc144d3ae2eee6dcbe00236ceacc41208fe02071eb5ed1e06d075bd6bc01a1df6a9a2c363ac5d4644d6b05f7db1506f214f99b57395c672a315e3617369c7ddabf8d8cf1995c17bd48e72f5350dfe6db83042a30aa533b87bd3350d4bc41736f0db5847701830dcea396fc7d2bd9b45f00b5c5aaa5d5ac6c76e31bb35de787bc0f6f616c17cab7878f94ede86b8b1d9d54a91e5a14f99f4268e1e9d1f7aa3f91e13e1e6f14688d23490de3c61066577e623df007154b5ef825ab7c47ba6ba91e4b8c1de5a473fa8afa657c1be543b99e355f7ef5463f05476b0b0b5dca0b65d8bf1f8572e02a635373a90b5f76695b1143fe5dbf91f9e9f08eeb43f0f1861d67525fb45bc9c05059589ef91c6475af71f0aea961ad5d5c5cc1771dc59c436c650e727bf5eb5f1debf36a1e13b1d2f4cd5a09209d905cfef71b8291f2a8dbd4639fc6bdbfe0578b6c34ff0006dc5cadcb35c798b098117ef291f78e4fa8ed5fb363be1e74f7ec7e734e9bbf2b3e6ab5f855ab7edcbff0593d361bcd3752d43c03e0cbe76bbb8fb2b359aa59ae5222e06d05e65e99c9c9f7afd59bab2985f2a978d467ef1e38af943fe092be36b5b3fda0be2f783ef750997508f50792dece5c0568da69264933de47f3a418feea2d7db97ba2a0badccbb9a33d09e82be0f32cc2abafcb35651d15bd2f7f9a67d655c2c2108a8f64ff00476f9a32e1d021bab36d8a4fbe6b16e745fb34c57693f856beb5e35b3d1aca58ed466eba0debc2fb9af26f187c72d5b4c9b11c76f22f3fc1cf5ed8ada5523cbcd13863464dd8eeae348674fe2507dab8ff008ddf0d078d3e0d78a749564f32f74c99630e428322aef4c93fed28adcf0afc62b3f1068eb25c5bcb0ce012cabf30e067827d715e33fb6d7ed1ba7f823f673d635eb48ee96692586c2d9ae1d61851a6257cc6c9e140079247381de88d6f694dc21b9d186c3cd5785fbafccf58f83dfb3f69fe31fd98b41b0bc8d66b2bcd2162b84236947524ab28e705735f20fc5afd960fc3bbaba996492116736c689db71e7a1cfbf5e838af7afd92bf68dbc8fe1bf85a39af1574d96ce3db1960dbc3e72c186411c1208e30456e7ed53e0cb3d27c59a5eb125dc70d8ebd0fd9da6604a8751907d32538f7db5c193e6ee8d082a69ab2b4adaa6d68cf5732cbe4f1d3551ef276f47aa3e5fd3fc1715ed8472c96f3dc4cc3e5d83156b4bf8490e9f771cd369b70f231dc081f77d722be8af85b73e1e0638e1856664c20778b6ae3b1fc6baff10793aacc11a1f2c427e42918507e9eb51fdb18ac4d4953847f1d4d65468e1acd9f257ed5bf08e2bdfd983c45a8469992c618a752abb426c99339fc09af9c7f6679ee2dae844a17aec2aebb81e480706bf43be3778621d67f679f1d58a40cdf6ad0eeff00ddf96267e9f502bf3bff0067dbcf26f5552428b265b2cc7e62467f9a8af7329c1e2160aa53afbb775e9631ad9842a555386c8fb1be1068726a7e295d386996f35d6b16e80799670dd3ac88d8ca891582e430ce3a85afa1bf675d027f00789afb49d661b7f32e82a40d0e966d2369031055b68d85b9ebc0ea2be68f8336dacea3e34d32f749bbb6862855e4d41655def7112af0130ac7786604018ce0fa0af79f09e93e19b5f1de9bae5c411dbea50ddacaee2596ccca4f1974caabe0907041e457ca56c27b3c4abb4fb9df5b10a549c7b9f4847696f1a1cc7b9bfba074fc6a1ba922933f2bc7b4e4003ad6949128ea7b6455278bcd978c0193d2beae396d1a73bab5cf9378aa925ab294fa94cf1ac7d157a7152c092c96fb99d76c4770522ac1b253f7a9e96000ef5d3ec636b2465ed9ee7e48fc49d52dfe2158c1335bab5e5bc2112689be66e980c3a6001c01eb5adf00bc2d36b9ac4766ad36ee3f7782dd3d71cd70df0f15b5b8e34b6f2d171b98eecd7d35e02f83b79a1f847ed9a16e93c4535bc923337ca91a6cce01eec7e6aefc763a9e161ec2fbe88ba784a959baa91f13789be36eb9ff0004a6ff0082a26a5e2ad5ed750d63c33e2bf2f528cbcdfbcfb34cc15c8eccd0309142e3a01d3757ed97837e28e83f133c2ba5f8a345bab7d4b48d56149a29a2fb922ba070cbeb9520fe7e86bf36ff00e0a7ff00b17ea9fb487fc13993c67f608e5f15fc390faac530f9a7b9b06502e20ce3242a8f340f5438e4d7cd7ff0458fdb3f4fd7aff41f00f8e3c6b73e1f8be165f5c788b449a7baf2ecaf2c6485e3bbb49c938554cacca70700483a74f1f1d4d56c33c7e1ace51694d6eb4d135f93f2f43d4c3af696c3d676693b3fc6df37b1fb6de3cf045bea96bf68b5558d641e68931951ea0fb1eb5e23e2ad161b1d4959911b637dec6e5fff005574ff00b23fedbde08fdae3e17ea93785f563a869d67733584734b0985a568b696d80f0ca372e1813906acfc4af027fa1c7796b379b0dca7ddc731fd6bc5af88a539d968faa7a34faa152a35a8bb4fa3d1f7eb73c6f52f1ecab1471c31ac6db8c7b114007b541f147f67cd13e3ffc36bdf0ef8b2dee3fe11bd62355bc36ae1248f192863241f9d5b0c323b1aaff00147c1daaf826de1bc68d638d8e78fbc3a907dba570da17c64bcd22ea1db2492436f219009189f9cf19ae5fab566b9b0af6773d48d4a6dfef4f21fd97f5bd5bf675f8bfad7c10f12c7a96a9a97840f9ba1bc8a43eb9a3336e8e58c1c7ef224272a33b95187fcb235f7b6856b63fb41fc01bad34859eeb4b71716a09cb0284918fa8c8ff008157c77ff0511b987e317c0a5f8b3a7ea3a7f877e237c17dbaae977a9947bab6122f9b6eedfc44b1528bebb97a39af7bff00827efed0de1ff8f7e16d0fe20785bcab1b1d7156d758d3226dd1e957e07ef108c92a927fac8cf7524751c7162a9cf0f516224b969d47695b68d47bfa296fea75d5c442bd14bfe5e53dbce2b65ea975ea779f0b3c336d7369149626266560d2ee41f2b76038e00f7af41bdf06c5f6859a675f2d70096c0506a3b482dfc07f12aef4f58d56d6f944f1a0015595bd3a743915dbcba5d9cb61bb6b49121dfb01dc4915d794539e1f9d3d64b76d9e36635956945f47b7dc727aa7c38835ed06f6c9363c57d6b2c2d803e60e857fad7e367c3cd21bc25aa0b562b25c5ac9e4923a390483fa835fb8da26b16e2e13c98762fae3935f8f7f11fe1e5d68dfb47f8c34d8d638e3875bbc8e30531b4099cafe3835f6d93e21d5a738cadb1c14e318cbc8f7df80cb358b6efde46eb8c0cf20d7d7df0034eb5f1247776b7f6d0de4d1ed95249903305c9f973d700e0fe35f187c388f50d15e0699a45fbacccc3f5c57d45fb3cfc405d2fc53a7b337eee6905bcf93fc2d81fa1c1fc2bc9a91a70c4aa925a5ec75e223274df21f47cba5b3af2bd3dea23a77963eed6edc3a4116e90a85fe7598daba4ac3c982e25e71c2818af6b135b0d47dea93499e0d38ca5b22bc567bbf8777d2a416c13ef6147eb5ad6764d7911dd1b46076a9bfb1723a15f7039a215b9a0e50d505d27667e28f85bc372786e65362f6b1401be405c6edb5dee85f18f57f0adf4724170c24e85fccce4579669cd7f1202d1646383bb3fd6b412eae2345f3206941e991d0d6d8bc2d3a9aceccefa3889c743e90f0efed637e7c3f0e9b7896fa95ac648fb2bae2170472ac075539231ef5f873ff000513f80f75fb317ed35acd9e9f1c963a5de335ee96637c6db49f715404750bf3c647fb1cf5afd38b5f1a5d687cf94236638c018af9dffe0a71e0687e397c15b6d6adedbfe271e152cecea9ccd6b263cc07d76b056ffbebd6ba323c3ac256f757bb2d1918c93a9076dfa1f467fc1b81e13f19378035abfd62cb459bc1de2985f55d1ae6d6e94cd6179148b6d710bc4394f3102b7fdb3078dd5fa7fe26b5934ed1a58e095a4dc37c2b8dcc4f420d7e1bff00c10b3f6ac87e02d9ea5a4cde207fb1c974b7b7f612c6cbfd99080d1cd731363194260775e731091bf80e7f6460f8f76761a95a68fae98f4bbfd4881a75db7fc7a6a121ff0096492745948e421c6ec1da49181f9bf132950ce6aaaf1f89de2d68beeeafa7c8fa5a34ea56c1d3a949dd25aadf53cd7e29f8e6eafec24b65b5db260c726011f8735e19ac5b0b5568d2cee14fde6c377fcabea9f1ee8b67a92b5ccd02f99dfb74af3696fbc3b6ed22cba4cd35c6ef91c4e5540f4c62ab2fc6c631f755cc2517b1f2e7c63f0b45f197c0bab78575486f2cf49d5902bac24a947520a3fb90c01c1e2bc93f655d63c43ff048cf8c7a4ea577a8c9e24f867e2e9974dd58470b218406dca59738f31725d181e4875e326bedcf88cf25ce8fe5d8d9c10aaf1911aeeda3b671d6bc7be2b7c27d73e3f786b4df07c33787edf41d6ef12df5bb8d5a1924fb25be5489a2d9c87520e0804f4ebcd7b552b431386787ac97b397c4bfaeaba0514a33e6ea7e817c45b5b2f8b3e03d0fc45a35f457d0c31acb0dd5b3864b9b79402aca41e990bc76c9a4f08dbea96fa69b513796ac31bdce19477c57c33ff04a2fdae8fc26f8a7a87ecffe2b9163d0daea7b7f0f4970d996d642ec7c967382c921f9977608247f7f0bfa3d61a64693c91a8577888190bd739c633f4af9c960e5197b1ad2f795acff0099747eb6dce7ad52547dc4ae8c6bef887a5fc0ff00016ade24f14ea96f63a0f876d24bebfbd9f84b689064938e49ec146492400092057f3fbff0510ff82d7b7c42fda075ad5be08dbdc695a3ea17b34d35feaba746d73216c282a8dbd507ca5867e6f99738e457eb17fc17d347f104ff00f04a0f8a926833aa3692961a86a3193b5a6b38af6132aa9f5e55b07a8422bf1eff0067ef84da1787be08e83717da6d9df5e6b3025f4cd2c6acdb980e327d31c7d2beef84f0385c261658daf7a8dcb9546fa256bbb9850a357195bd9536a3a5ef6bf530fc09ff0005bcf89fe17d3d45f4916af2798048d75650aaa75180238d78c9ce0938c0e6bf4cbfe09bff00b76d8fed8df0dee2fa38db4dd72c554dfc289b61259c80d16598e00d80e48e5bd304fc0bad7c28f086a7a77d98f86f4b68e4c3142857f3c1afa2bfe09cff00b35cbf043f680b2d4bc370dd5bf86bc61e1abb7bdb6501a086482452ae09e473b471ebebc1edce6a65d88c33952a7ece7d1f47aedf3e87b1fd938aa17f6b35256ed67ff04fdd6f86dacdbf8fbe1fe93ab05566bcb652e7d1c0c30ffbe81adeb6d3a2b5fbab8fc2bc23f60bf1b1d57c1bab6853313369379f688813d229b9c0fa3abffdf42bdff6e7b1fceb5cbf0987af46159c55edf8ad0f88c57352ab2a635db60eff008536262ecdf7aa78a25ce48e69e571ef5edc29423a238ee7c65aa7ec83f08ffb5a58e59bfb3def18f95079cb1a21f44caf38f4cd721f16bfe09e7e1db6b392eac7c4973a65bc09e6309ad8c8a01e9cae057a2685e17f1adaddea0d7971e11d696450b0d9c9a548228d867ee9d8307df27a5759e16d18f883c3d2e9be20f0d5ad9f985124280490cb8e33b18918f6afc5279e55a6ef1aabfaf53ec5617ba3e39d7ffe0999aaea3e0b935ed27c51a4ea96fe5195447951c0c905c9c03dabc1be207c19d57c03e1bba3ae58cb6fa4c9032cf3cca3ec8d1b02a4190fc982091d6bf477f685f8a127807c3f0f81fe1f6916f75e24d633125b3c612cad1187ccf205c1e073b411c1e7d2bcdfc2dff04eef87375796775f172ef53f8a5e24962262b5d59a41a3d88e58ac168b889547ab649c74af6f01c49522af89a9a6fb6bfe4be661ec5497bb1d4fe74f5fbabafd94bf69b7d67c31756faa59e8f7a27b79e32b710cf1f50acb9daeac84a38390412306bedefd94ff00e0af3e11d7ff0067bf137c3bf8a366961a6c6d8d0fcd865d59534d7dcc2d1da32ae65840448d98ae414248284b7dfdfb7fff00c12f7e1bfc7ff82d75a3f827c1de0ff0d789e0b84b8d3e682c63b7494fdd689d957214ae793900a8afc0bf88df06ed74eba9e1b0792cf5084ec2226251c7439f6fe75f6383fec9e2dc3b8c938ce9b5aded25d534f6d7cee652c563727929c6d284b549ad2fd4fd5af83dff00059cf86bf0b3c5b77e07d7bc55aefc45f06c36f1ff0065f8922d3257beb75391e4dcab05698478e24c6e208ce79c6a7c5dff0082b27c21d27c177bac783e5d5bc65369f70904f6705ab58bc4acac4b93328fbb803001fbc3d2bf1d7c17a7eabe01d605bdfc7222dc2958a74e164e3a1e3e95fa4bff000501ff008263e8bf0f3fe09e5f063e32f83f4fb7d3564d034eb6f1742ac7fd32e26895a2bc2b9fbc4bb23f237654f5158e3385b2cc0e268d2939b73766eeacdab2bbb24f5f2fb8ba39a56c5c2757962bc969d3d597fe33ff00c15c7c293f862cdbc35a95ec635c8ad6c6e629ac1dee349432adc5c5c247b952465f2a28549607f79295eb593f02ff00e0ae1a1ea9adea9ff0b041d32dc08dec469162597ab6e46576cf4dbce48e0f4afcd5d5ad2e25b867171671ed39456b945da3b77a75b99aef734ba969eef8dbb9eed5b18afa05c1f82841c237d7adff00e01c8f3daeecacb4f2ff00827dedfb70fedc9f0ffe33f8a7c3badf8153585d6accf9778f7307d9d362676ba90d932104a9cf400639afd5cfd827f6ee9bf6acfd9823d4209231e26f0ac3143aa46240d25d41b405ba03ae72a43fbf3d08afe777c2be165bbf0bea97aba9695249626106449b7471798c5417e3fc9afa23fe09dffb6bc9fb16fc57b2d7e0d4adf56f23f752d923131dd46dc3a31c742b91df0483dabc1cf786697d4d470d77386d7ebdd5ce9c3e36556a7ef968fee3f58bfe0ab1f15b5af12fec09e30d2ed76476fe2b53a1eaacea240d6d710cc8bb7230ac66f2406e704fbe47e4ef8f3e0b5e78c044f69e25d5b4bd334bb58aded16d2e1e38c468a0608071cf53c673fc55fb9974de05fda93e06dbde59aa6b1e06f1e69db91e2601a10d82d1e7042cb13762382bdf1cfe347ed17a2cdf0efe3378b7c14f1ec7f0f6ab358a4531d9e742b23796ce40c7cd1856e06087040af0f8571d2746787a6b95c5dddf5f27f76c7d360e8e1e5a4d6be5d4f36f14fc31d7fc4dfd836a75ed534bf26cd9a49a29591af1c30cb3e08cf03b63f0afb9bf62cf883ae782bf675f85ba52dd35e5e378b35ad1a49a66333cba6adadb5ec83739dc047228392c48df8cf2057c21a4e8ebe1cd4fed11da46a63fddbbbde4844499392bba24040c93c13d4d7e85fec89a7c5a0fecb3e0997cb6b6bbd524d5af5186558db5ccb688188efb9ac0107d071c1cd7b19fc9ba11a6acd5efa7cd9d8e54a9b7566aef6b5fcacbf13ee6fd93be23c7e1ff0089d6fe5f971ff6ba1b37cfdd627e74c8edf3003fe055f578f165d21f96d9a4e7f850d7e727817c4d73e1eb986fad7e7b8b491271d4ed65208fd457debe27f8e7a6785fc05a0f880e2fadfc437fa7d85b436ee03ab5e48a8a4e7b2ee24f7f94d7cce0f17888cdd3a353952d7a7ea7c6667874a4a4e37be876f63ab5e5da64dab27fbc6b4ecda62b991517d81cd320b693fe59b7d770eb5723b691465b6eef515f7d97fb676f692727d6f6b7e07cdd4a91e9a1e1baa78fbc47e11959efb4592eacd7efcb6f2a48c9d7a0001c7d6bccfc65f15edbc73abcf716fafebd636b63119a4b7f28431c4073d783edce4fbd75979e276d5ec24492cae147504487711efcd7c8ff00b6efed01a7fc36f0fdc6996f332dedda6d91436e62d8c05fd73cf3935f86e5582963713f57a29f9f91f73350c3c3da4d252e87b77ecf92cbe3bd7351f15eef324d46e1adadb7e58a428d8639f566ce7fdd15e7ff00b497fc144fe14fc1afda4ad7c33aff0088edd23b2b0697508edc9916de61b9763b86c06da41d839e9c76af827e35ff00c161fc4de12f85d65f0ffc16917846db4fb6fb15dea50316bfb8233bcabffcb3c9273b46eff6abf3ff00c71e345d6358b8bb69a6967b962cf249f3bbb7a927bfa9afd1b2ff000e678984aa63a4e0a4f44ad7b27a7cbc8f2ea67d1c3d4fddc54ac9afbfd0fdaef881ff00058af83b73aae9167e17d41ee1acfc45a7dbddcf72b2c7125839027ba5ce06d8f705218824ff000e066bf327e38f81343f89bfb43f8cb58f04d8c90f85f56d526974b8667532ac258edc81d067903b0c0af996caf64d6f52500c9bb232586de3e95f707fc13e3e1949e22d4a4bab90b2240c8103a6e5279c1c7073ee0e2bd6fec7c2f0c52a98da126db5669f5d6fd0ebc1d4966f2861aa46c93df7fcc3e1bfec20bf15fc38da3dd5a2aea575086b62463ca73ca907fbc71d0d7d21e33f8afe2ad4bfe0945ae7837c51a3c925d7c3ad54689716d78ed22dddb41a6cf3c65b6ed6082458f1c838c0070335f4f7c1df8236fa6c7a7bdd59dac970ac665b98f3e61f453d940e318af4cf899f05741d6be13fc4087548e6fb0f88b42956fd533e63f931bed906de4900907d4715f98e65c6d531d5e11ab1ba8c934fb59ea977ba3e8a5976170bfbba5d7fe1aff89fcc17ed1de3bff8589aee9acbe17f0b785e3d2ed05908f44b16b75b90199bcc98b3bb4927cd8de4e4855f4af3a810c727dd6fa015f767ed39fb015c78cbe35fc5487e1f8825f0ff00c35d30eafa84b767cb8446b1c6ecb048bb95c3ef2f10243347d79535f23db7806e1db72985958e07ce39afe86ca71d4311878ba4eda276eaaeafafc8fceb30c1d5a159c6a7dfd1f436fe07fed15e26f8136dae5be82ba44b6be24b1974fbe8352d26df508da39233192a2546d920563b5d482a704608cd73de16b95b2d52357992d61ce4bc80b79633d4e0127d7804fb56843e1e5b705a4917cb4cef2a0ed5fd3ae6b92f185cb5d4f3ad9c9be28d40c7ddc93dff003c577428c39db82d656bbee72fb4718abf4d8fd12fd9c7fe0b370fec1dfb2af8c7c33e15bcbaf18f88b5016f268d63aa694d0e99a5de3eef36ed5fce2eea88aa0c6cb1f98ce8780ac0fce1ff000d55e30fda77c5575e3cf106b56c7c63a94cb2ea37096a9143294458d7f74a3685088a3000c62be7bf895a04d046b750f9cbe590c4af7e3fcf5a4f859e336f0b6b49e73794b70c5268dba67907f2feb5c30e1bc261633ad460b9e4eedd95fd3d0f43099b39574aa3f776ff00827d3563e31f1878d658ecf50d4b478ed66668e458a22650bfed027033edd457db3fb37fedc1e0cd0fe145bd878cfc4d0e9977e13d56cfc356f24d04939996e52eee5646118671144626462aa4279918c05231f9cda87c4d5f06e91a86a09f35e32058b7721dfa29e3d339af3af0878c9b59d6218d4cf34b0dc0bbb899d461db0ea31ce739627f0af3eaf0fc71cad51f2a5b5b4f5fc2e8f731b9c2a5eeabc9bd7567f459e0db69acb5093c9b8b1ba8d8637dadcc7756f30383f7d09460410719ee0f15e85e27f1938f0c7c29d161988d9e3bb4fdc337cd0ac5e6ca17dd46463db15f8bff0006bfe0ab5e20fd91fc4da1f866c6d749baf0ac8e2eb544d4adda4fde4f2066911d19648cac2110e4b81b49d8c783faadfb1778e345fdb565f02fc5bd164bdd374ff0c6a12adde9d2833437538da098a5f97784c11b9a356f9882060d7e5f9d6418acbea2ab5fe0e925e8ed7eda9d1431d47130b4775d3fc8fd1e87e265c2daa98e233b0e48d87e6fc7a569697e26d73532c7ec2218d87cbbb861fad70fa17c5fb5b7f96186d533fc0e9b589feb5b373f19d827eeadad43719677e95a65f9bb515edf17256e8bfcd9f375b0925a469a3e29f1cfed40bf0d3c31a9788af21d4d6dacd3088b19669e46076aa2e79c6327b0afc7efdadbf6d3d6be23f8a2f2e9343d6b6c92332908ccd93ee07f5af5ef8f7ff0515b1f88123c33789216b3872b15ad8dc6218c7b739627d49af9875ff8af63f14352f26ced356b8fb41d96cb0aab4f70fd0ed001623d31c9afd6b8578470f96527571315cefaf448f1732cdabe2eaa546ed2e8786f8d3e316a9a96a12c6ba1de34c849916453b813d3231919ae4e6f887e20b8bbf9b4b9add54648746538fa915f7cdc7ec8563fb387c23f0e78cbc71a3cde1db2f1b497096ffda92eeba965836ef132264a101d485600ed3d2adf80fc43f02350b8815754d0ed5723ce7bbb0665cf6dbba33f29f538c57b9531985a94f9f0cf99775aa7e8cce387ad07fbd8b4fb347c7ff003c61a6b7899a5d72cb51f26dc090fd940919867938623a0f7afd72fd80752f86fe3c96ce0d16e24d26ea4c11f6e80c31920038dfcae4e78e79cd65fecff0061f02ae1a08acf54f86f25c9528a48b747208e73bc03c83fad7d99e09d0aded34cd3eeb44fecd8d62896389ed4426311a7caaa36820638c7ad7e49c6b28e328ba51e68cbbdecbe6ada9f71906612c2ad12d7cb5fbcf52d22d6cfc07630b5c6656760b12423cc6933e80761d49e807278af2ffdb6fc7b21fd947c73ad590f135addc5613595adad95b86b89d250636991376e655cb32b0c03b7d2baab8f1c6b1aa69cb653cf1b281b44c90aab8e79208ff2455ef0ae99756d2379734e1a5003312373727af7e7eb5f9265fc3ae954552bbba4d3b77b3eff00f00f6aa6611fe22f8bbffc03f0bfc45a37c7efda860d7b4df08d878c6fbc26b736af776b636cd17f682c36b15ac72c807cd2c8d14618aee600bbe3a9cfd2ff00057fe08b9e20b2f0a7c4ab1f17695646df50f075b5c68fad0410ff00645ec7b6790fef1895fba52662a06c0fb33902bf57f4af84e9731dc89249dad654555b60db52200e70be993fa57ccfff0005bef8a51fecc1ff0004eaf110b7ba9a0d6fe21327852c02c98789245696e4ed18e3ecf13a13d332a7ad7ea14f32c4e26a4305828aa6a4d7c3be8d6afd2daf75a1e2ca54d5ead5f79ebbf9f63f9e9f8a7e2bb0d6fc45b74ab75b3d2d42f9488ecc252a8079a4b739720b73d3760579fad92ea4d1fef0ac6d751a391d71b81356b5abe636d6f2292bfbb07f0da38a86de38ff00e119558f71925767caf27009208fa57ed14e8aa30491f195ea7b497323dab56f0b59ea4f25b9e155404e7e53c578278e3c3375e1ed7aeadeee4592566f9645fe261f75bea40049f7af71f0febadab68b6172abf34d0e24e31b5c6411f98ae13f68dd39639f4dd4b732ab131391ceee095c8f5e08fcbd6bb23b19495cc0f17fc41ff84db45d16d61d3e0d3e3d3ed912e1a32c5afa7030d33124e3381f28c01f31e73c779fb3efc3aff8947f685daf9697126fc3672ca38c0f63cfe75e67f0f7466f14f8834fd3e1dccf349cfca400a016249ec001debe96b1b68b4bd255200ab15ac202647031c7ebd6b9eadad689b53936ef2773cbfe37da341f14ae9a1863db75143227030176edc0e9d083c7a57d83ff00044efdbfafbf671fda3f49f0eea6da94fe0cd6a39ec35bb18d84c19c7992c17112e32af192dd08dde63e71926be3cf885e33b7b8f1a48f348a1ade3483603dc727d87ccc47358fe14f1c6bdf0f7c4736ade1dd42fb47b9b8492dcdddbba8658dd4865cf5f981c64578f9965f1c6e167879f55a793e8fe47761aa3a5554fa75f4ec7f5f5a27816d7c65e18d3f56d3e45b9b1d52d62bdb4950ff00ac86540e8c3eaac0fe355ee7c05a869acc23919b9f943839fcebc07fe0853fb6adafed3bff0004fcf0845ac7886df5af16f83ec63d2b5b9d627848955e558d0ef51b9d61588b32654ef423ef015f643f882ce7872b2ab2ff00b2c2bf17c464f421274e52e5926d35e8edf73dd3eaaccf57eb3561271dfb7a6ebf03f8aff1a7c3c834cd53ecb0de4a6e18fdd62ac08fa8afad7e137ed1da6fec0de117f0efc37bcd0fc55e24be45bad43c66d66e5d5de343f65b68e65052384ee52cc0876cb631803e74bcba8d00cc687e52339cff003aad6ba65cea970b0c2a6499f808a3767b741cd7ed19d52a78b5ec6a2f7376ba3ed7eebc9e9df63ceca255309fbca6fdf7d776bd3cfcf73d03e2efed33e32f8eab047e28f116afaf436f23cb6f6f7574d2416eee7e631a6762678e1401c53fe12f83eebc43abc31c91b3f9df2f4e718fe98cfe15d57c0ffd817e287c509a19347f87fe2bbb898a8f39f4e9218707bf9920551f5cd7d8ff000e3fe09abe33f846b0dc6ada6e95049b10f9b3ea702a5b3e41e017cb900119db8e4e33c1af1ab66d976029f22a908db68a695be4b63d6a397e33173e7945bf3773c7be0f7ecf935ebc2d7d6b2ac208765dbb64753c8c123804743d39cf35f587c1bf833aa6817714fa7cf7ba6b2b6e8c5bdcb218413c60820fe35d6f86741d1fc3f1bcd7dacd8b5d391e6794b25d33e3df681f864015dfe95f15bc31a059bf956fae5e48b808e96f1c2aabefb9893f90afcf736e30559f2d2d7f23e930f90d4a7f1ab1d7783f5ff88535b5ac33f8a356b88ed80445998484631d4b0c9fc6bd63c1d3f89d4096e75463b7e560fd79ef8af27b4fda3a3d3b428e6b4d0a6dcb93be5bc0188ed9013fad576fdb5fc422d208d340d2e20c4231b89e46751eed91fa57c654c662712ed15ca76cb07c8b48dfee3ebbf0f35ead97eeee2f2f245c316553b57f1cf35f899ff07297ed8adf18bf6b4d1fe1f585e4771a1fc2db392090c720649750bb48e6b96c8e3e48fecd1fb32483bd771fb787fc1457e275c7c4cd4f4cbff164763a169b1adc5b69d6b0ec804623ddce0fce7a8e4fa57e5b7c4ef135d78afc4f36a37cc1efb52792f6e0f4cc933b3b7d073dbdabf5ee07e17ab86aab1f5e57bc7ddd5f5fc3f167c36758b8493a51dd3d4f364bff0032de1dd8da8841fc0e2ba6f006b4d17c38bab35923b5bc9ee619d6e7ceb8493ca11caad1e23475da4b293900e471c571a2186e2e961b895a1b7dcc2490296c027b0c75aeaf40ff008476e3459b4ebcbcd6bcb9648ee23bdb0b78e470ca197cb64778c1e0e7706ebebc57e9f2925b9f3718ddd8d3f863e308fc2fa66a3a6de5e46b2c170cf1b4ac76b23724e5803d79e40eb573c57e39b3f12e8135a3c46ea3653895a32b147fed6e6c74c76ce6b93d474cb386ee08743835058a12c5ae6fc22cb316c7f02ee55030703731e4f34afa7b4b691d94900f3e190ca66dfbb786f5ed5cb2add59d10a375b1b9fb3f5f5be8dad5c3bec8e4bc88c2a7fba010c547a7f5c1af50f18f888daf86eeae6160aab090db4f538e3f0e303eb5e350e95f62d3e4516a24919c32c878c63a8f7fcc5691d7752d4f4c1697336e8f8eabf3100e4027bf3eb4b493b9b469a5a1cfea317daef1ae9570a5892ac79619e33cf5f539ad6b3bd096c16de38e370b86f93057fcfbd327b7dc9b235dc7d874aed2c3c296768d690dc58ccd2cceb2891081191b4b328e0ab0f9e218ce704f7ace5248d634dbd11fa3bff06e6a59f8435af88924fe75a78e1f458f54b18ae119526d1dee523b8990a900959ade00c1b9c306070ad9fd4cd1fe306ba93edb8bab56873c2246573ed939afc36ff823cf895be1a7fc1467e1dde36a0b63a7ea92dde83a83caff00bb9a19ece7558989fef4a22c0fef6dafda7f07f86d7558b758dd5bea10452c9034b048245df1bb46ea194904875653eea47638fc078fb0ee866d3aae5a54519792dd5976daff0079f6b94b8d4c32524bddd2ff0089f94bf0dff62cf86ffda0d793786d6f15ff0078f05d5ccd22467d400d823d54e7ae7a74fa5be18d9f843e0b42aba4e8fa5e9f2100c76fa6d9c71b9fab632067b935e63a078a23d12e55536884f407f84f71f4354f5df175bf87ee59a293cb127cea77f627a7e1d3e95d9992c666127194a5cbdaecf6f06f0b838fbb157f43df35ff008cbe20f10db4892ea51693699f9628e4dd27e2d5c6dcf8ba337acd71712de1fef3c9bf27f1af0dd4fe2f4722b2ac99ea339af67fd9d7fe09c9f1cbf6c1f877ff00096783fc3f6b0787a693cbb4bcd5afbec0ba8e3ef3c0082cf18231bf0149c80490d8781e0de7f769c6efd09c57137b35794b950b2fc49d36c8fcfe5aaf5209c63f0a9adbe30e973bc6b1f96c73862416c8aea351ff008215fed3978dc69be0de06013e22ff00ed752597fc10c7f699d3605f2f49f06bca0ff1788463ff0045d7b5fea2d6e5b2a6fee3ca7c5141cafcebef3b5f881e3cf09f863c19f0ce6b0b7d492ffc67672dcce6eae229208fcbbb92d088d5625232d0b30dcc70180e4824eefc69f87fe14d13e3efc3df07e9b75afad978c3c5137872ede79e29278561d6a4d32492365895413e5b38055b69ee40ae0f5dff00823afed6de27b1d02d750b5f04c96fe15b77b6d280d763536a8f70f72cb91165bf7b2bb65f3d40e800abde3bfd937f6c0f1b7ed41e18b3d4348f0adcf8dbc3b11f15d86a5a6c5656fa5e98c6fde7f36764852269e6bbf31f6b233c8779390ae477d0e1054db94a83bde1d36b5b9befd7ef3cb967516d28545b4baf7bdbeefd0f8b7fe0b65fb35cdfb2f78a7c03677f7f25d6ade28d1aeeeeff0063a340ab16a13c50795b4642bdb244e7713cc9c606057ccbf09be0a7c33f13fecb9e32f88de3db8f1f7f6941afc9e16d057c3f35b8b5b6bafec3bed42096ea17b79249a26b8b68627f2e48bcb8dde4c9da457db5fb79ff00c12a3f6b7f8aff0017be12f803c49a5daeb579ab69fa869be1dd526d4a27d3e068a392ee4b49ee9572b2f948ed18941dca8550911b05f3ff001eff00c127bf6eeff826f7ec97f10b52b1f0ff0084aebc0f716f7373afc3a5c5a7788354b2827b09f4fbbbab7f36069e0ff42b99e395ed9958452313f28665fd3b2fc3c69d18c231714959267c762eb3a951ca52bb7adcf9b3c03fb02782bc51ff0004a5f13fc77d5752f145a78974bb9d560b395358b187495b9b6bdd160b5b3366f01b89a5b88f51be937c73054fb08ca90e2a9ebdfb10f86bc19fb02d8fc548756f104dae4de1cf0d6b26d24922366b2ea7acf88ec26400461f6247a35bb27cd90d2cb92c0a85f5bfd847fe098ffb6a7edc3fb0e4f63f0d74bd26d7e0ceb0da869f6f0f8826b5b14d616e2ef4eb9ba9adcc91199d16e349b1226046d785d636e66077f4cff826dfedc5f107e077c43f81fad68fe15d2fc23f016dece4d62d6fedb4eb3bdb8b289b50beb368350483cfbdb4569efe48c194a2bcaea42b0655deac6f1d8c29c97323c93c27fb227c3dd3ff006cbf09f807c45ae6b91e87e22f877a4789e17fed4b5d326bbd6351f0d5bea96f626f26824b7b5824bd9c40269a32b1232991bac95adf093f62af01f8bfe3b7ed29677b6bf1063d07e0de9d35f68da6eafade97e14d665dbab5b5808b519af617b78e68d27763122ab4b246a91f32283ed1fb367fc134ff006c8f8b767f09fe36f8563f87774ff123c309e0ed165d625b09a1bed2574496ce3b2bbb39adde129fd9b64f136f472c40c92cc5aba6f84bff0004c6fdb6be20fed5ff00b435bd9da7c2ed63c6b75716d63f10e2f1143a65e69dab9bff00275685e2827b5920dbbd62915a38d0c72478182b5c5ecdcb5517bfe077fb451d1c96df89f9b31d946c8b9dacd9ea01febd29ad6226dccbd7b9cd7e885bff00c1ad9fb5e44bb7fb17e1e95c639f14827ff45558b7ff00835cff006b88e1914e87f0f578f971e2907ff6954d3c3d44b54c72ad4b9b468fced8ad7c8d0c05f9bce94e411d08e3fcfd2bd8bc21a469baff00c3ad3ed352d421d3758d1c79ba7493a4b22ddc676930a88c30dc4a2a82c0018c9201247d15f1cbfe0dfbfda63f65ef859278d3c57e0ed235cf0cf860adc6ab1787b5717d791db6419663188c37968aa4b328628a4b11b5588f9fecf415d46e6c3cbdacd0aa9e0e73924939ff003c570e2dca1eecee8f4a82854578bbd8cef089d43c35acdbea9a4cd25aea1a7cf1dedb4f1e375bdc42dbe36efd187e38ef5fb01e17fdbcf54f87fa9ff63c3a5e8771a7e9245ac3b91d19820da5b729c1dcc19ba71bb8e2bf293c396735addfccaacccb80aa3861d857e987c45f857a76a3e34fb7682d1c9a3ea5a7d85dda383cbabd940c58f1d4b6ecfbd7e7fc5d4b0b8874e18a57d1d9fddfd7cd9ef65b7846491f16ea7f130c7230ddb71ef58fae7c4517ce81e4c85071f35797dff8b44d74df37cbdf9aa577e24e176b722beba8e5118ab23c9a99837b9d6eabe2bf3652b9f94820827afd6bef0fd80ffe0ae9e10f0a6871f867e3a58fc4ad6e3b48920d2fc41a178d756b69b01b6ac37301bf86008aa70b2a140aaa032f05ebf33e7d7bcc704b0eb83cd6cf87f578628d9e665da837125b18039af528d0950f7e079f5aa42b2e5933fa3dd3b4cf0debba6dbdf58fc15fda82fecaf2259edee6d7e21b4b0dc46c032ba3af880abab0208604820820d4f1786347dbff00242ff6aa5faf8fa4ff00e682bf11bf614ff82adf8dbf66eb5d3f47b2f1a78da6f86b0dcc8d75a268da9436b3c01babdb3dc432ac6c0fcde5e151ce73b4b6f1faf5f05bf6aef853f1fbc25fdb1e12fda0bf6a3d7a18563fb6c7a7f852ef507d36575dc219cdbe8d222c839180c41c1c12393eb51af19adacfe47935a8ce9bd76f99e83f0a6e0f87ff006c7f87d63a7f83fe33781ecb52d2b5a379178bbc5126a769a918d2d4c7b233a95da874dcc72554e18e09e95cdfec8be34f11eb1f1aff006d43a86b9ad5f47a2eaa6df48f3efa49069b12c57ecb1c196fdd2ab1c8098009cf5a4f0cfc41d0bc3bfb547807c451f893f686f1b697a569fabdbddc9e23f006b1e5e9af3a5b08bcb09a542c4bec604fcc06ded9ae1ff667fda2f42f01fed1bf1ba1f117867c7d69e0af8d3afdcc3a3f8820f0dea0d15dca82e95add6310197cd65f38801095685c328c1c6752a28d482bf57f8ad36f3ea4c637849dba2fcffc8f4ffd84fc6faa7c44fd8a3f64dd6b5bd5350d6b54d4358924b9bdbdb97b8b8ba61a66b2033bb12cc70a3924f41e9587e38d33c5dfb1d49fb6d7c50f8cfe3eb6b3f84be30b5b497c1097dadcd7516911a6972db4d0c76eff002c2f35cbc61628726562382719e01ff6eaf847fb2278c3e087c1df05f87fe2d6a5f0e7e10dedd5f78b7c5d73e0ed665b3f05c234ad405bc37ae2cc399a692e93f815513e662057e42ffc162fe0a7c46fda57fe0a7df1a7c47e0bf05fc4ef15f86ef75db04820b7f0d6a81ed667d3adc468f6b242b245236c91955915994165041cd76c6a469c229bf2fc0cd509d49394569b9fa73f047e1ffc61f891ff000419fd8bb4ff00823ad2e93e3ab3d6344d5560b8d6ae749b5d66d6ce2bfbb9ac2e268016f2665802b21055b001ed5efde04f177c68f14787bf69ebcf8e3e11f04f83fc530fc30b14b2b3f0b6b12ea7692d904f10324af24a88564329994a818daaa7bf1e41fb07ea1e19d73fe0965f04be1efc68f0cfc6ef87faf7c1dd4b4ad43ec9a4f857599eee7b9b591e7b5320b5b39a458648dc79913aa9f9b693820b5af06ffc1613c13fb44fedc9f133c23aa7c2df8e5a7fc31f887e058742d0fc630781f569d75e86c66d412f2e23b58ad1ee2380b6a623497636d78c79823322ad546719abc5dd6c6728b84acd6a77ff00f049299a7ff82617ec2acdf79a61ff00a64d6ebe85fdb3bc2d67e00fd99ff686f883e19bc9749f13ea3f0ef50865d46ce731496f369f637ed04c1d7e6596369c8dc0e47969d315f1ff00833f6f4f831fb2bf8abf663f81df0efc37f1ab57f87de03d62fac2e3c4579e02d79db4db98344d4845a6987ec0b71757b20b8f35a38a1fddc48646c2f4afa67edf76ff00167f66ff00daff00c3f0f867e2f6b1a4f8e6e35b93e19df41f0c7c477167e22b3bfd0e189638dd2c488f1a80ba53e6ec18901e80b53e68ad096a4fde677df0a7c37a4eb1f0d3c3b7579fb3ff00ed957d7571a55acb35dafc4c9b65d3b42a5a41ff001528386249e403cf41d2ba3ff8433c3b0c2d249fb3efed890c6a32cd27c4d995540ea49ff8497007b9af24bcfda4fe13fece1f03741d53e207ed29fb607816ced2c6d6c643aaf82752b0b48ee44207d9a3966d01519be560a379276e727ad7e4affc1413fe0b0df10bf6b47d6fc27e13f1ff00c568fe11ea11f9274bf10eab693ea1ac22c8c37de7d9608846ac00cdb0674c6373499e39aae2a305aeff0023b286167565eeeddf53eb8fdb93fe0aede05d434c97c29fb3be8df15f48f1134d25aea5e2bf127c4ad62e2d74901c459b24b7d52e21b962ec313973127042c99cafe73ea16d75a5d9daddcf14d3497a1dbed2ee496656218019c02ac4839cb67a91d2b83f0be9fa878821b7fdfee58d77c310603cd2b80aa00eadc6327a7a819aefb4ef32131d9b48fa8fd9e433b803fd44870b2229e857e44e7a7ca7b1af9cc6e225525cccfa8c161634e3cb03b4f0f4625bb82468fe6f2d588f7c57ea878334eb3bdf863e039b4ff33ecfff0008be9f09671b4caf12b42ed8f42f1b119e70474e95f96fe0d8a35d5bcb77665854189b18de87eee7f0fd6bf51bf65d10f88ff652f05ea91dc4d71711c97da65dab6ddb03c737988a800e14c730c039395635f9af175dc29cba26ff00147d1e16092b9f88526b6e26660dd698dabc92a05ddd4d611bf623e5dc6a7b5d437480b2ed38c75afdba3853f3595646b4770cdc1eddeae4770ed6fb70b22b614a91dab2e2bf52abd3ad5e86f6318cf4f6aa961db566874ea34ee8d9d3516d6048a1410c6bc05518c57a9fecd5fb4b78fbf653f88f6fe2ef879e26d4bc33ae42a23796ddf743771e73e54f0b6639a3279d8ea46402304035e4706bb6fbfaeedbee066b4bfe138d3b45b632dcc8b12a903aee27f01cd72cb0ce3aadce8e7525691fa0de11ff0082ff00fed4377ac4697be38d15e162320786ec9491df9d9fe715fa7bfb0e7c60b4f8adfb1bfc3ff136b524577aa7872ce6f8808e2208b77757377acdb3e00e154b4848da001b876afe73be23dfea3a3e816ed67185b7be3b5a70c32bc6703d323bd6f784bc4da9782fe195bdedb6ada9bc376bf65648ef9e3312862de52ae701031cf1dce688549417b4936efa2339d084bdd8e9d4fe8c351f85d378b1be3a7835afb47b13f1bbc43af69de55e5da4379796ebe1cb6b41f668dbe69764aaccdb7eeae49e2b8b3e36b79be207ecd7e3085bcbd57f695f18e91e27bd8470c2dedbc19704ab0ff665484fb67dabf1b7f66dff0082a0f88be015a4f6bac7c3df861f142c94b4d627c5ba30babed264618730dda9136d75e1919987031b79cfd59fb317fc162bf667f88ba1f8674ff885f01fe1af817c48ba87d9bed7a7f822d2ef45d2ad9f8fb4c72bdca4d09543968d61727cbdabbb7a81a7d615af269053c24ddec9c92ede87dcdf03fc6379a7ea3ad49e2cb1f8c3e0992f3e3a58d969b6b75abb5dddea05ad144467924d84e99360b794b9daa1400715c6fc53d1fc75ad7ec93e30d3fc2a9ab3fc42bcf855e318f4c8fc3ed3addbdfff006f607d976913677b0c6086c11d09af93ff006c6ff82c77ecb7f0bbe1578861f877f057c05f13b56d1c59cfa14fad78361834db91b63db713ccd3fda0cf1ac85594dbc6e1c30ca839afccff00dadbfe0af7aefed27e12b5d1fc37f087e09fc195b72e2e352f04f86d6db58b942e1cc4b7b21696088b2866580a173f79997e5aba35a9c6168ec8e7ad426a579ab1fd1f699e17f1647e1cf1c68be29f12785f52f8d5ab78bf56b5f06788348d165d2b4db3d6dfc209f66952da6b9b978d92cc4c0e667ddb643c06c0fc0ff869ff000716fed75f083c05a1f83b4bf1de89a1e9be15d3edf47b3d3dbc1fa766c61b78d62484e63ce51502f3cf1cf35f1347f1875db7b88e71afeb91cc276b9dc3529c7efd94ab4c1b7644854952c7920919c1354af679ee2fc4de74db641c3c9cbb93c92cdfc5939e6b0c4621b5786874e1f0f15f16a7b57ed85fb6dfc53fdbdfe205bf8abe2ef8ef56f15df58c7e4d85bf951db5869a8768716f6d1858a22db54b32aee72a3713818e4fc23e098b50d4a2b18ede49aee6c7941dcaa3120e00da09ddc63b0ee78ae0e3b89ee46d5924690f200ec077aefbc21f1020f0a5933c76c97dab3fc85e690490ed6ddbf2b8ea54aae3246037f7883e5d694a4afbb3d3a1cb1b2e87a8781adacfc3f685bf736e91fcaeea73dfa03ce4f3daba0f02f8797c5fff00097ead670c9696ba0e98b7ecc654578d8ddc308664ce5b71908c2e76ee52715e3be18d5e6790492c9b8f5418e179c9e3b7a57ab697f19bfe110f0af88347b5b685bfe130d3e1b4b990c487ca48ae629f70246e04940bc100866c824291e4e36151ab52deebeebabfe07ad85ad15f11dff877c092597853c3bac5cdfdbdbdbead3ddd8c4bbf326eb7f24b96071ff3f0a0609ce1b38c57deff00b0ef871bc0de15d72d478d343d7adb538acafc69ba6cef2ad93b46e712120219c232ee58f2c8aca1cf3b47c4bf1824f0d41f09be0cf861556e7c416fa6de6b3ab7ce41b74bf96292d909181b8c51eec750194e79e7ea8ff827d7c3eb3f0efc0af10789ec6fae265b0d796ca7b070a574ff00b45bab47306fbcc25f2244c370a62ee58e3e17398cf1185e76deeecacb55ccd5efbecae7d253928d3e8969adcfc815d4e08d3e6923dde9eb504de26b788f2ea3f1afa1fc2ffb32681e1cd061d3ef60ff00848256fdf493c88631923a29041007b9fc2ba8b5fd8cbc11e25d3d1acfc3d27da586e2b0cf3b60f7046ee3d6bf6c9665460ed2bfa9f967d566f63e4d3e2d0a7f7786f4ddc0a7d9f882fe7d460f265569c9cac21d6352bdc1dc7b8e33c75afa0b5bfd8ebc170dd343f61bcb5994fdc5bb76e7f135f2ff008ab40b3d0bc5fa95bdbeefb2db5d491c3bcef62a188e5bf0aeba7898545ee18ca9ca9fc469f89fc4f1786bc41750c33477324721d92ef0eaa08078c7048e99e99158d6bad5c6a77d14caccdb9c29de339c9ad6b1d195215fdc2b7fb4cbf31ae97c37f0d35a76d35edf49b89d75290ada8087f7a475c1c6001ea6a2b548c75934553839bf74f5187c6567a8fc28d3f4d793ccbe6113151ff2cf6f049fd6a14b95b3d1260cdf2c6a5947607d7f4af3ed556f3e1e6b115bead6b358dc300c11d7ef0e791ed5d1699e255d422f33ca91ede35323f1c30519c7e35e7ca2a2ac9dfa9d7ab7765ed4b51f291524d91ce02ef8f7738201fcf0735c7dafdb34abf921b8ba630c326707a946e0fd4743f8d1a36b77fe25f13ac922b2dc4921691bb29ebfe02be9af077ecada0fc60f025e5eeb53dc697710c04c57909ff539c9f997a3a7fb2707d08eb5c18ee5a74f9e6ceecbf10d54b23e7df89fe0dd42efe145c6ad1c7bf4bb675134c083ca9da4119cf20a1e063a57cfb2a6d9e41fed1079f7afb2a2f86f79e11f867aff0083354be8ef64d591a52218caf90a1094049e773611997b15039e4d7c76c1643bfaf99f3723d79abcb9b74ddfb9966934eaa71dac5785a42be5b91827aedad286fe6b7b368da4df12ae132394e474fcaabd9b2cb2636fb722ad5ddb46d0b7ca53039e7835d938a39212d2e58b2b869adfcbdaa371cb9cf2fe80fb7b7f3ad6d2e516fd31d6b26e741bcf0e5e7d96f23f26e152394a6e04aaba2baf4efb5871d8f1d6ac58cff39fcf9ae5e48c9732d99bc64d3b33b2d26fcc72023b7bd6b69fe205d4b56915a42ab1c4232c3a8032588fd2b95b49b09f27dead9f05e9d0e91a56abab6a7359b5bca56c84267c4dba46424b28f9d53cb121f3141c14c70581ac654d25768eba526e49267a878bbc7baa788219bc737975e1eb65be963822d3e3d4e0fb5a410a2c1104b60e6611a244a81d9406d84f39afacbfe09bbfb5d2787aefc49e119af3ccd2fc75a4c90dc41c154b9b753359ca4ed24625629c11cccb9e322be1eb4f84963e226b8d2f4bd3e58b52f2cdcfcebfe9288a33e64c59c47676ebc167998b91821541c5771fb307c535fd9ffc5de15bfd5dad752f0fea114b03bdada892ea05632a9d8cc80c823924590e09f44638295e26332f8d5c2ca14d7bdd17a23e8e15674a56aad72beab6bab77b791f4a5c782a6b5b878e6f3195c662da36f27dab63c2715ff8644966cd2796e54ed55fbadebec7b66bed4d63f651bdf16232ff0067e9b6e036376c7de0f5fee9c7e35734ff00d8bd6ca5f36eb458da203198e4dcccc7fa57ca56e2fc34e369fdc99851cab95dd347cefa07ecd7a1f8e74e5ba87528fed536d6311886ede7ef0cd7e56fc50d32dbc39a95eab5b4734cbabcf6b2b4ca729b5dbb718e477afddc83f66993c15a925c69b677916e3bbcb0db973db2335e07e3bff82387843c6bf13b5af12ebd67e36d9afdecba85c5b69b770470412c872db0185881bb2704e464d6f90f1861e84e7f5893e576b6d7f4dc8cc3297522bd9593eba9f8f67c69772b4236a6d799e33841c63a0ae91be30f8cacbc391e976baade476490288ade0e368eadd0673927f3afdaaf85bff0433f80d7ba44373a9693e33d41a4cbf977badcd095e7b88b671fcebd16d7fe0909fb36f82963907c1f87567fbb99aeaf2f1b1ea77cd8af5f13e20e556b72ca5f25fe6cf1a9e57888bb2763f1ebf697f87175a2fec3bf08fc5935bde42dae4cc897738f9642125de324727282bcc7c13a3c93369acacb22cf6cccd95077b838ce73ee38c7e35fb07ff05ccf87de1197fe09a2ba159693a7787d7c33a8583787adaeb65a981633e5c915b293966f258e5541254127a57e527c15b0d3b57b2b4b788413ea5611081f69dcd08272c79ebf871c57a9c3b9bfd7f07f59b5bde92f974fc09c550f67579194e1f08c9e12d4564bb84c371260c84286540791cae7ae41f6afa9f46d493c2ff04ad639258fecf70bf6a9ce78689307ff001e6c0fcebcd3c3bf0fee3c657134525b8799a5fe21c673d38e9c0e3b5627c62f1b5c59d99d2acd65f2eed8ec4eeb6f19c2f1ee7e6aefc67fb44e347b6accb0f7a69d4228fe23b7f69c97652dee9aedcbb92bf7b71fcf8e95f14de45f67b9921ff9e2c63c7a60e3fa57bfdbeaad36a3e5492346dbf6f0bf70ff00f5ebe7ed7e7b87f13ea122c225b792e6468d80eaa5ce3a7b57a987a2a9dd44e1c44dcddd97b44870f96ddf3718af46f843f0e2cbc79e3fd2b4dbc49dad6e25fde88f8dc1416da4e0e01c119c7ff5bceb44d45636559609147715eedfb27e99ff0009cfc55b1b5c4d6ff69290c72281b5332a06dc7f8432ee407d5c7e3c19cd674b0b5269db47af63bf2ba4a75a116afa987fb60f86d7c29f18af372ac427b3b7b8017a6d11f96318ff00ae75e4b6fadc6ac76c72b73eb8cd7d3bff000532f0bc563fb4b5c1f31664bad2ed6708bc2c59dea571ee54b7fc0abc0747b358e60be5a7a60015864f539f01464ff95158ea76c4492eec9342d5d9a58f16f23007d7ff00ad5ea5e15f0745e2af2cfd8ee269af21f2fecb66826bc957e6c852c365ba91d5d816f4c8c8accf87b63bae976ae77719c57b15bfc2df105ee9705ad8d9c8f6da82869238212cd73927ef28e640307827600338ef5cd98639416e91ede4b82539be657d3fafeacce67e1cc5a3f856daeb4dd61ac75a7b171259d847217d16e9f83e74e61c49a84c8c4a84055015277ed254f456fa1af8e346bebed4675d3ed66d49bc9d516c96cec85eba2836b2cd1ec8a18d9107c90292842ef601b98356f8510f876cee2e1a6b5d4352b07479a5f3d574ad3c02098eeeeba4859772f916ff00dee19fa08cf8f0f8fec2de5bb637176b6ed68c27b487ccd363db9920d374f53f67b3886ec1ba9f1c1dca41dca79a9d672bce9b3df9d3a70fdc4fd57cbb5efb7aebb6bbafe84a07f262557f3246c0cb6ddb93435c2a37dc914639af94fc0dfb4cea5773c7242ba8470afcc43c442f1d80cf7cf6f4aec342fdaa35a37933436f71f67b51e6334ecaca7db19cf71c0afc3eb70ee3e9b6b4fbce1855c3c95d5fee67ba49aada45869037cbd331138fd2add96b11ca7f76f3fb0109c0fd2bc1acff006f3d4e1b85b793c2b0df4d1c9b24945f08140cf5c153fcead41fb5d6b3796b71334290c7249b11228f73c18f424739f53583c8b325f1412f9afd35fc8d7da61f7d7ee7fe47aa7c6bf8d337c09f847acf8aadfc27e2df1c4da5c5bd748d0ad166bdb927a6d048f9463e6232547214f35e6ffb017fc14c3e1f7fc142b46ba8343b3d5bc37e2ed26dd2e753f0f6a58f3a152c54bc520e268d5800580054b005466bb2f047ed5e64b68e3b8b7b51711f4779b6b36307f3efd2bf337f6fcf843aa7ec85fb6ff87ff686f85a61d0747d56fccf77059e4c5657ef9f35485eb6d72324a11b73e60feed7a591e46b131a983c4c1c2b59b84b9ae9b5f65af3dce6c64d4796a41de3d55b5b773dabfe0e5bf855ac6a7fb35fc36d7f47b276d2fc3be26997519c2166b437306c84fb23147527a0253d6bf357f669f00fd8e1b9d6e4bc92d12d4ed964504b32b751807b938afd2cfdb47fe0ac1a8fed29fb364be0af0cf82f46861f14e93b3c473ea92c8ffd9edbd484b75180cdb94309092071c6466be3bfd9efc28da7c3796b756b6016e76bfdec2b1c639ce6bf4de128e2f0993fb0c6c1465193b2bdee9bebdb5dbc8f0f1d4e9cf13783b9abe1d4b1f0ccb652c372cdfda5b84b3b2ed314454062467af3c1f535c97c53f0fc3e2ef105c5ed8c0b1432208a0c8c00807ca3d79e2bd1be2bfc315b3d2ec2f1b7c91c288ceb0c9940849236e07cdd39ec062b87f1078f64d06f7fd16ce39150ee2926492be98af73075e36f6b1d598d6a7af23db43c626f857a91d7dbec71ee21b73657a1ebf8d7cc4f6b259ddcd0c8bb6486564957a6183107f5afd1c8fe25ea17f691dedae87a5b4caa654458847e6b00484c9e3e63c75ef5f9ff00a8e99a859f88efa3d6a19adf586b877bc8a78cc722cac773ee1db939f4e78af572dc74abca4a5a58e4c66195351f31da132c4ebe661b70e0119c57d11fb1afc40d07c23f11157510f04774d031951549c43324a500f570ac33ebb71cf5f09d234c59a55e3a7af7af4af851e0fb4b6f1369fa95c6f92d2d6f602f027df97273ea00518c1c903e615cb9fd18d7c2ce94db49ae9b9df94f353a919c7a1bdff0505d68f897f6a0f16488acb67a7dcff67d96e5e4dbc4004627beec96cfa30af0bb56f26e10fe0715efdfb725825a7c6abeb4cee9ad6148259d970252017dc467b070b8cff08af0582ddade7fde48cf93f780e2964f6960a95bf95158fa7cb88927dd9ec1f07115e5854aafef08182b900e6bf4e3e14fecf3a5f8c3f67af0ed9ea3148b21d3576cd136d913792eca48c12a7774cfe20f23f31fe0e4535a4b0dc7ca6356cb6c05b70e33c7b75fc2bf74fe09fc09bef087c1cd0ac6e2496eefbecb1cb75e7007c976452d127fb0a72075e3f003f35f103192a1ecb91d9b6ff03e9b239725373ea7c5be34ff00824df8fb5b5b5bbd0efbc3b7f670967b3dd3793f6153c8586de4431c6fcf32969181e402473f3e7c6fff0082557c53f0478d61b596cb4e96e35d0aec6cf5913db03b8e0de4b21f3246dc73f75bae0051c57ecc69fa5cda569896be6f92b08c301db359771f08ac7c49e25b09a286eaff00539aea34dcd8116c19c75e739f4af92cbf8eb31c3cececd5adb6a7657c3c2bafde3b1e4fe1ff0002c9a4e831fd9cee91b728ff006013da9a745b1b4d5134fbbbab76be913cc8e132a79adc7f0ae738fa7a574de05f876d7566ec755d6949f99717470a7e98ff00ebd6b6b9f07f49bdf1543e239239ceb10011a38958205c30c6de9d18f6f4f418f7258aa4a6f9e4faecbaf4ea782fda5ac8f1df12781566d49d561c2e3049ee6aac3a07f6736ef2d1b9dacbb772d7b56bfe158e2b4566dbe731c9c0ed59ba4f83fcdb758da35f26460d9db939ff000ada399fbbef07b2672de09f0cdc5e5c23aac85770e719653eb5dc78dfe00e85f123e1b5f68fe20589f4abf84c532c8db4e7a865ff006d4f20f622bb1f0f787ad749d1bccf2d635854c8f211d00e49af2af116bf7df11a71ac46b225bef30c110251923ff687bf5fc6b8e3899d59f341f2a4f7092495a47c4d7df012efe1e5ceb1a5adf36a1a2c329f266684932a212012bc7451fcfdabdcae3fe09f1e2af873a4f89357d521f0edc689e1395a0bf9214b9568e45489ca2f9d0465f72cebb5d3746db5f0e401bbd13e24e9ba2cde144b89a08d9bcb292f9480b03b4727d3eb593f177f6e6d6358f016bda5ae9fa3e9167e304bb7d4238966637724af6ac6650f2b00c3ecb1951d066418c362becb039946bc651ad7bf97a7f9fe670d6a528b52a5f339ff00899fb07f8d35bf05ea9368ba8786353d5b46b42b73a5d9ea127996c560b99da1dad1026410dadc1c0c862176330248f9d7c79ff04d7f887f0eefbc4b7bad6bde06d366f0fe9ada9de89aef5048fcaccaa91c52bd9ac323c8d0b22b2b98d647862791259638dbbef1cffc15afc51e0df16dedd687a3f84349d52e2e209e6bdb3b59dee2e2f208aea349d98cc417db74e0a81b46c40001b837bb7c00f1af89bf6849afbc5777f0fbc1cdadf8c7469ec27bf717298b368e4859577dc328063940d806c91961665668d48f5f158fc0e5784f6d886ed2673d1a389c555e5a76f77d0f977e057ec39f143c76de11b8874ed2e3d1bc6f269cba3bdc5cb243335e45a8491e5b671b174bb9f33fb9fbbc6edd9af24f8f3ff0498f885f18fe3168de24d2358f02e97a7f8f74cb4bbd386a3a85cac97b2bc9636891aac36d2942f737b05b867d91acb0dc867558c3b7df3f18b55f8edfb34e87a3e8fe1ad374bd4bc19a0471b78765b8d30de43a6335a4f6ed2052593734772e184aaca59410a3e60df07f8abfe0a4be3cf01fc5fd375c87c25e0b335a6922d6d74dbb4bd7874d960f11ddeaf1baf977087cc86f59d0292d1b471aabab1058ef91e2f0188a91c561657528eabb5eccd3194b15183a75127ae8791fecd1ff0004d5f1a7ed33f0d34df15785fc45e037d3ef9bfd2ed64bbbf9efb4553f6b286ea1b5b3998171652b08e1f36544782491238e6490defd977e0a5c7c44f8dfa578456481ad8eab1dadecd0c82585a18dc99994e7e640b1b1c8eb953563f67dfdb8b5dfd9f7c1de0ff0ee93e0bf05ded9f84c5fed9ae4ea492ea6d7b24324ef7221bb8d1a4cda592891151c47671264aef0fd57ec8be30babff00da3ffe122b88e07d5356d564be7f2c6c8c5c4b24970c00e485255c7720119ce2ba388b12e182a93a4fdeb33a327a3275f96a6c757ff0586f04f86f4af8b9a145a749ff001349b4b335f854c284f39bc83d7ef1ccc083fc213d6be1e874a54d5f9323fcd9ce715f5b7fc14f5e6b8fdac7c4f35c2caa93436ad6eac3fd5c62de20001e99c9fcebe63874f91eed7cbda496e4e2b9786612a795d18ca5ccf955dbf3bbfc3633cc1debc8f7efd8efe01dd7c6af1be9ba26896d0dceaba84db2de095c2098a8dc464ffb20e077c639240afde3d32d2e2d2da18eea759ae628d2296548f6acaeaa159828e8188271ef5f929ff0461f0ac3e22fda9f41b7bc8edf2b1bdc5bbc92b4724734643ab424705c6d3f2b021941e33823f6ef4af84b3dedc49717d2a43249334bb63c375626bf2fe37f6b89cc3d8ada2bf3ff00863dca35a1468479ba9e7379e135d40c71aa35c4f2918551c9cd777e02f854fe18db7933f973420b025bfd50ee49e99c77ed5e81e1df05d9e847f710a2c8c72ee46598ff0087b55cf19fc3e87c75e0fd4345b831fd8756b692d2ed0ef05e2914ab282aca54904f20f1db9c579396e4b052552a6e79f8bccdb5c90d11ffd9);
INSERT INTO `pelicula` (`idpelicula`, `nombre`, `imagen`) VALUES
(2, 'Thor: Love and Thunder', 0xffd8ffe000104a46494600010102002f002f0000ffdb004300140e0f120f0d14121012171514181e32211e1c1c1e3d2c2e243249404c4b47404645505a736250556d5645466488656d777b8182814e608d978c7d96737e817cffdb0043011517171e1a1e3b21213b7c5346537c7c7c7c7c7c7c7c7c7c7c7c7c7c7c7c7c7c7c7c7c7c7c7c7c7c7c7c7c7c7c7c7c7c7c7c7c7c7c7c7c7c7c7c7c7c7c7c7c7cffc000110800f000a003012200021101031101ffc4001a000003010101010000000000000000000003040502060100ffc4003710000201030302040307040203010100000102030004111221310541132251613271911481a1b1c1d1f00623425215e13362f12543ffc400190100030101010000000000000000000000010203040005ffc400281100020202030002020104030000000000000102110321123141225113610442718191a1b1f0ffda000c03010002110311003f0094b6cc23d5924ffae9f61fbe2b032a70ca47cc62b6b7b31041909cb6ae073eb58791e420bb670303e55a1297a5b92f0f4e2891287f2938f73420477ad1d909a0d0f166a687c3e1b273e9c0f5fcbeb4a989b511c8079f5a762f12440246ca81bec3f9d857a51727e9413ad1cd5ec9aca41cd3b046658805049070703358b88c2e2b56b23a1fed9d2d9dc7ad197ca3a3a3f1636f6c7ecf19505b3bec2a85c5a85116dc81f95019a44b388ab1f41c1c018aaf731966833feabf95246ef67374ff00d9227b7d13a8c7f88fc852c96e5e24d8efab7c5748d681e752db794004fc854d9207b78429d9d75f1dab9bfa23095f646784a22b693823b8a1e29f995cc518c93abb628125bf843323007d06e69953eca6fb4796b0092501be1e4fca9a9944ec481803d057d646358e424e4e30077a1c9284dd0907e40d234dc8b2750b11bb8846c06a0d919da95229b9a4691b2e727d685a735aa29d6cc191ec005cd1c5a3f865d8329ec0a9deb4a9a77a2fda2705489086190361deb9df84935e8a62b433deb4057b8c53505499a0b9232288f80bbfc22b3167393c0af48d5a54f7dea6d1a632d01324b26740385dce0714681649627627e1ade98631bf98fa76acbddb0055574af006291efa43ad6e4c5409249348dc93b64d6e00ccd80383dabd4391865cd524d3676692ac6af3cd9d0186420ce338ee4f6a0e54325e9552d5ae6ca3d206bd5b8039e2a9de0f06346006546f9edb573e9d5efba568178a6425b27500348f41ef5d2cf2a4d0c6d0b7c603023b0e735297d936dd9267596673a18038c673bd7b76a443e6e7cfdeb675687f0d914a1c00c7646c707ff53b7e07b1a4ae7abd9c91a2492849581d40025413db3461b64f23695a351e12dd65c0254607e352ee7fb8f8e09e33552390222c721c2b0e7d0d4fbc431be71b8e2a918d4d945914b05a17ba8dada720e54e0601e78a01727bd3732cb7b33b125c86235fb6682d06938237abaa332e557e00c51634f5ad88b1dab6ab4c4db679e18c6afc284704f1462bb50cad7211b04a3d6bc35b23b57da3246680c8d44309e6ef586249268bde846851672d2464100e4d1811260f84a7d32d8a10404668891ab672a7eb53922f07e19d5e600ae33e95d0da34b1c30496f0a4ac540c3369db278fad4358c03b2e2ad48244e9511525080771e9bed59b2d51a229b11eac6590acd74d068d47091e73b669ce8cd35cf4e72aeffda73a49c630467bfef5cf5d392be0c6b2e0127cdc2e7f7a66d6fe7b38ca5bb85ceccc073452a88630791b4bc3135e4d70b3b2c842b9532053ce33c7a0dcd060864ba91a2b6872385270491b0db3b1ff00bed4cbde5b492acb7b02328f8822852ff402aa74e96dee434766c2251978b6f873c8fe7237ed546e97446506bdbfec6e74578a29236d6ac763fcef4848482413b03546f8610de5b81e267fbf6ec71ac8ee0f66fcc7ae2902f1dc0f1213946f6c11ec7dead8e4a48f32709627fa1d8342bcf12e48c9d8fa83bfe74a4a32e7cbc51226489cb8032a0bc9d89dbfeab6ccb3a89111d14f67183fcde923a66d726e14850267b57ccba79a602e9e2be5b76909c0aa991b1609915b483530037a2c9198d72471cd1e363696e27c6679368571f08ff63fa5094a959d1839ca899a400491f2af1573b9e28ba3b63615e30ec2983607bd0c8dcd30576a195deb865b069956ce334cab92469502bc8e3cd50b2b412312701546493daa3369766bc49808a2323818dc9aa3e2eb586276500873f2033fcfba93ba72c248acd0484e54e597563e59dbe66be792381ed1248ccb368c695ff500e7dbd85659bb46bbf095711c8614118f333e82b8e540db8fe714d1e92dfdd36efe378417517201c9ff001078ce31bef9a5c5f85ba2ef048c198e001db3b50ee3a94ef732c85151642a5d17b11c1f9d552c9e2ff2679ca1cb6ca6bfd3abf64692e67cb633a233803efef50ac5e5b3be2d1120c6d5d85accb7b6292c04363e34f6a9f7b6500b5b971812c23567b919dc7e3f854a191db8cbd2d084534c0cb7773793ba5aa987cbe7949c69c9db7f6c103bfd2be896cece158fed91be3249df724fa015d05a00fd32c8a8c6554fcce39a89d6ecadd164972b13e7618386dfdab563d1e6e4a9c9c58133c7348042c3c36d219d81c6cdb8c77da98b2945c898e38209e76f9e7e551632d145b13a0b027077fba98827115d09219588949c99f62c76241f9fad738d4acd1fd1c5158ad5657b7b32b117412818c1d89a9771749676fe3100cac3fb6877dfb93f2afba7cb35dc8d6f70ab2a8c8f11c02ca4824814991b6b4262c756e455b8549e1749555501d476c1c0dcfe953a08a5b8bc69665d278551c28ec07dc45311c57291c114a4671812039ce38f9533ff008a169772dd8d6772696cd2a2aed1cfbae4ed5928168cde53b7343c126bd14798c191bd7c23cd1d222c7006f59b8bab7b20751f124ce342fafce964e8ae38f23d58c229773a517926806e2e6f8b2581f0a15e64638d441db8ad2da5c5f3092f468887c308d8fdfe9f2fad3e8a140500281b000600a8bd9b214b473d6935dd85d9460518905d586757a6ff007f6ae8ad9e09cb4f1c27ed0308f8dc6307838f9ed456b459d344d1e57919db1f23da93b7b092c7ed6b04daadc8055bfc94f6fbc63f1a8cea49968fc5242082183aa4714cc041b07623393ed4af598d2cef4c2b831aeeba4f63ebef43bbd5f6ad6b96180da80db3819fc6813c6c58990924eed9dce7d6b6422e951e74ddc9d84b0ea52595c6a8db08c771e95d0b5fdb332c770db5cc4c8c429d89181f7d7290c1aa421b8ed8ef9fe1a6c46ef2e8886195cb96276c0ee7d2a7931739732d0cbc62e277fd32103a559abec56243f852f7fd345c950e032ab6ae452d29bb8cb849ce95501761e9530dd752c79a6d43dc0fdaa51e4b68e8c14f6559d6da085964917caa4f86833802b8f91d446a86462428c640dbbec73b6ffad59f1ae5067fb20b7398d4e7f0a9f2b3a9620c684ef948c03f5a74db7b1d414568cbcb24c8249892cdb027bfbfcaab747b9922be65e6397e2191b12460fe3504191cab3b96d5dcf355ada09acd60b991d74b8ce9ee3b8cfe1466b4723a1d4f2cee14811c78007bfae7eea56faeb57950f906df3ad4176aaacf300a1dfe2f40783efc52f77034721c0f29dd4f622b14d51ab0a5663c2c9e2bd11004646d46b9905b8518cb31db3c0f7a30447de39164c0df4f15e8734796f1bece626ea37924e6de340ae494f0e3dbea79aa163d352ddbc59889273fe5d97d97f7aa6d0a876708a1db960bb9fbebc117a9a0abb3a536f48f9718c11bf614d4109d0098ce7277c6e2828a55c1d21bd8d39e36a5e7400380b9fcea73bf0b636fd04d0a4632f28d3c9de91ea32c46c27481df3a756c31919c63f114faadb48de76393fec296ea90c251a2001fed337e07f6a849c92d9ab1b8c9e9d9cf746bb8e3ba6496349502e0eae107248f7a0f5492391cac31a4719e085009f9fa51fa7471079d988575d901e5f9c81ef8af99ed64ea2649494b7f894282307d36e315ae29276fc314adc815a27d92ce46950eaf52378c9ee3de82ca44b1dac6b8d4e35961b96fda9cea770b2db4014c5a13002a9033c6c71cff00d512da0fff005ed75f1e30273f2cd3a926ad05c1a9533a8b8402499ca960ab9d23bed5121ba33ca2331a059081e51b8273ff00556fa85c44609515492c8db91b715c7d94d1c3756f2ca171192ca3d71bfad4211b89dce9e99666b390c5ac2e117962292ea5651c1668e92090c848d63815d025d5bdedae03f86645ce97ed50e7e95334d0c2cfa2295fe2cea03e9dea6ad3d9a549491290030838dbf2a612757090dcb36956cab0c12bf5e45740dd02d5811048e99e751d5f9d230f4c45ba9ed9c8f1a2c344c541057e541668b0d0c86824444b375ca2a8d20e76ee2b29713dba082f9408c0fedc8bba8f6f6f4a7ada48b578734496d71c6c30adee0d0ef5805642bb8db7ef5194f755a1e2afaecd5d5acb7517871b2aaf27277f6a8b6b7d3d997819c90ac411c8c835d1834a9e9568f24b24ea4f8873b9c107d88abf34bb27546ad1e3bb88c88c0e0e08eebf3a29444059d80028165646c6e24f08abc328c2b775f63ebf3af2e7c592378c0c12a40c7ae2a12ccf9714ce8e252760ec44175766629b81e2e0fb1c28fb86ff0078a7c9490360e49f4ae6e3ba92ce58e68c63c80107bed8aa76fd4229631821092320f6fdc519b9a7687504fb0ae996c2ab93edbe2a65fdc30ea1a33b25b9073ee4d342578a3768dce927d3b544be99d6e1e461859069d5eb814d194e7a914fc50c6f9449d24a5640fa8860c0a91da8f31f1bc398269f133b76073b81fce0d25331d5838db6aa56b12cd663c56ce9752a338d3d89fbff004adbcd2d982516d342af1110c7b72dfad74d240d0dda39040058e48ffd2816715bdb0b6f1595198190b380da17381ced93fa51afeeedec27468ee9a746de48de42c0a9ee33c735379572a48658ed72bf07410ed2c6c327431e78dab8f4c477408881407d7181c673f3c57633218e59c0dd5a262ac382315c4cb31c45195d08bbb119cb1f7f957637f133614f69947ed0d3f84bac96277db73db34ed85e1176b0acd90c7e02481f23fbd4c0d85b760b9e30dbf19af6dd8b5d062403a811db7cd196ca41ecea7a5de34ec52e574489f17bd12fae6dadef61b898618068f5609dbf99af3c38cdd073e4661a727ea3348f58ba789b4a01827392335e7477354bb3d0711abcb8c9d0402be94b9b977896175f122638539e0fa1a46c6f0dc3bc770da8f2a71c512f1196d8ac44962c0a9f4237faed4f15c5f1655a4e168bd6f3472a6b8db20f19da852333360138a87d3e590b46dace597200fd6ae2312325493e82a795352152ad9b763128d04822b114da9f326f8fb8d659cbe558633b6dc8a52edcdb461d987270bdc9a48abd0ca2ab63d2d95adcea1808cdbe2a1ddf4ab9b490b44a593b637a7a1bb12c7ac1d2c3919e29c8ef648d54360e7b1f4aa729474c4789ada22c12c8a374c30df27f1cfb549ea5389a6ca8c283b0ab5d73a845a7c08102b73211f95731264a963eb5a71abd949dac7bed98c0f1371b1f5daae74ab4694aebda2501ddc7381dbefa4ba7c497070f2c68c99600f27f0deba2bff0ac2c7c256123b008aba4019ef93559ca951862b93a265bdf4775d665f1228da2d21511864003d2b5d5a602098496ea1c9c233c41485c630373e94a35a335a48d1459653e24aedb69dfb7b73494d134b2c6908770e3209dc914b18272b2992e0a8eb7a25c0bab08a32da818c83a86e3d8542ea9d3aefa7ccc5d55a3ff006cecc3efa612731c71595bac018a6a12c728f2e7b1f5e2bc3d4a55b85b6ea90f8c8aba5598e08f5dc73422e516d0af1a92b882b4b7f12e7a7aa0c9d60953d867de85d4adbec7d466b75242eaca1cf63c7ff7daaa5c40b677d632479316a52a7390467d693fea673ff2726015d2a1413df1de9eee49aea88423aa7d95e1bb87a85b8895d5ae0ae748c91b77da93ea792aa246566c1ce0607b6052bfd36a3edd2103cab19e7e629dea6ca66239207cb6accea3938aebb36e3dc7649b68cfda931d8e7eeaab3be9b6182c32dc8f954e53e1309085c76cef479e566b45d4cb863c7ad526ae4878b4a2d1f59cd1bac60e950ab8009c6f55e1b810c583a6303920735ced946b303a87c239e3bd517d521009e2972634d8d07ca3b29cdd4628e2d6b8763b281fad449e579e42f21c93f41f2a2986bef0476a38e318741e266da530c81c286f50c320d337b7fa230cb80ec3c83fd452afa604323fc23b7a9f4a9f248d2b977e4f6f4a328a93b2f8e3f60e562793927734bcc0ac63df7a336f5894ab00a7ebe954892ceed366ba6c493df451f87238246420dc7fd5757d4a4125f4503440233a88dbd4f249f615c840c609f20e97523041fc8d5f7924b99fed0e46a48cc83d01c1007d48a7942df27d23ce8df174273dd5e3c520849119ceb65c79c67923e5ebef4bb068844ab303a50e3031a54f6f727de87089e37320ca71903cd8fbab372f0a79d251313d86463f0aa45744e72db2a74efb3d97548631895e58c798e0e838e07f3b513af59787709380307e2f6cd4de9b67772de5bbc6a0b17d4b938d58e455bfea2622d0e48c81cd67caab226bd347f1e551df820b3b4b1da4658e98e4c633c677fe7ca9deaf7064b390a69d47072c3703be2a4d95c289159c64641205522a2781957cc09201f504e7f5343a6acae5c6d64725d497fc8b7f4fca239a562c742c4410791b8e28977217b92e40c11dcfb77acd9c6d10989258634671c8e76ef4bddb7f75864e3de8704e7608ea06253ab0ce79e057d1b2c92c6b29c20c671e9599f0523f5c76af911a3cb6394c8daac96857a6370b4562e62662c5b049c6314ec6c922ea5c9078a47a898e5963b95e1d5491f79cfe55a132453954d2226dc60e7eb8a8ca2defd298e75a286057ba57724e00df7ed584c48995652a7d294ea85a2b5088a7ce7048ce00a9f1d975211bab9fb54d91b46bb28fd6844d601d22bcce78ab245ae91ed0e48582177db3b8069b842c282675d6c4e153f7a5ae1e49882da78c7969a3b664cf34905e9f6b2de308cc523479f2c8aa4853e87dbf9f3bf796e3a6583099d5666d20677518fe7e15e74b261b0810a2999412063e1c9ce4f6cd27d62e8cd3ac32e02b01a5bd33fa5515cbe26252e1bfb1775105a5b30397662ecdea7228dd62c2c6daf8b26f81978ce42a9f9fe828b2c1a4c2823d620566d1ea01a8b7d2cf7770cf3339c1206b6c9d8ef4efb22edd4bf430b76c2190dbb384d4a0907481e99fc78ad7538a716b0319247b77040623d0effccd23700c04c6ada9481ab8e7bfe3402c4a85c9c0e37a675e8aafb41ed9c853ff00a9deac74db902436ee7cadbafdf50ed7ff00260f04628fa8a69707753a7f6acf38db3d6c33bc7b3a5934c7192abc6f802a49f3bb3bee01c904f3ed541e4325b870069719e6a73009369901e7700d4b1aec59eb47d2f88cda8b02319c8ad5a5b9998e170146fec335e5cc8130a1571dd7b83fcc53fd3d42dac939187901c7c877aadb51232a4c9ba91228839d9e3edb706801d04ad81a97fc726bc9d898a2c11b03f3e6848c47a7de2a9c48a9152d6e9e3232de4e318da9f86e984443f9a4c6570393e95214e100c6f468df08411f5a94a2688cd354c0bc21f9ca9f5ad2a0b7b72c4297ff0066e0534d768fa8b45b609dcd4d791e6cbbae98bb0c93815cd58d1c8d215924f11892e718af04de1a6900679cfa5612338c8236f715b54523ccae5cf18381f955523136decb769768b651069823690a49c6f4a5fba35e41e130907031bfa6d4915922c1d8e07cf14d4f1c36966931777b9947f6c67e01ddbf6a7514b609374373f525d7a621223a86521b638278352d98444961961c7fdd0e195221e6077f4af252667254e4134ac0baa31ac960cde639c9cd123884c4e862b83c11fad098045001cb77f6a359c72cac442acec37c28c9c5347bd8b2ead1f2855b82abc0db3eb441e6f147aee297274cad83de8e9b1fbaa73ecdff00c67f148a7673e2d0b60b18f200f6fe1a024da9cb301ab9c9e07bd1fa7461ba7ca1b7254b01dfb52b298c261479bbf7a9c12b674e57b3e7909f267592dce2ae4a3ecf98147c3095ce7d89353ba3431cdd423676388fce491dc76a6aed996e70e704839f7cd3b5ba32cde85acac2deea066796505182e40000cf7a45a058a565f1012a48e39aa1d2588b6bbc1c93a0e3eb53141329cf19de99276c5e4a87a2d2c3048623b8ef5eb69077200f7a7ba759c7241e2e4be720e7b1f6a4baa90939891554290be53ea3273f41425a41c73e53a16695442ca3727ca4fe269597c4689748214939f73eb5e1605b76c03b93f5ae9adbaa74f1d33c0fb319d14807c4032def516f8169cb91c8640edbd7a1c839fbabb3b9e9b630589bb9ace38805ce82a33ec3e742e996563d4a29244b348d23e4b2aeff0085514d19793fa606c3ac7478eca08e78754c91e1cf840e4edebf2fc6b177d4ac2e0442dc784eae092b0f03073f9d477d2b7f1cde0c623d6018f48c63d31f2ab1fd43d2d2d5608eda04d5231f8100248c607e352518f66879e4fe35dffefb03ff00236be114798ac85b39f0cf976c7e1cd4feac91dc5d34f03ea56380a1718f6ae863e8f6bd32c15fa89576277d4bab04f6149f51e80f1a0bbe9e4496e46a2837c7b8f5155528a209ee8e68c643e96d8fbd336922c13392da7c840e4d74b6dd3ed6e3a58bc167133283a900c6e39c7e745b3e956b736e677b38e08c705b1c773c6c2b964498252b8b5c4e33cbe27978c0a618ee02fc47602bdbf3682ee4fb12b7840ec58f3f2f6afba6ba9be8d5d4157383919fa7a51ecbc72f0896a15586d9d43075119553b8c9c81c54b94798d54ba0b1a680a42a8d89ef9a4b0a54bb67d334d1556c93c97435d0432c934a06caba7ef3ff00caf2ee4135da018049029be97fd9e96ec7fcdce3e82a781aafe127605c67eb4176d9d2f11ef47058cf18d44b478007b526ca639083b1cd35d33c8eed9c1d3b6fef43be19b8660b80dbd55764b92ba1ee9f76f6f1ef86400ec5b7c673903bd4ab993c462edf133176fcbf5a2c92030c31818724e74fa7f334b4c8a2520925631cfaef529765b1a4a2d8090e4e483bf19aa1d159619c4f32ea8d0ec84fc4dfb0fda911149713e951b9e49edef54da2861001202a0c00c773f77bd4b24d46a2cb4314b25cba437fd45d64de88e055d0abe6619ce49e3f0fce8dd23ac274de9650c41c925be2e735cdb12d266463e63966c67e669c9cc0c8e2266231e4da92d27b472c7c969f45c8ff00a96296548ffe3e1f3b05e7d4fca8b71fd4510bcb79a4801501806ce74938deb93b76517085dca007390327228f74d11b7c23924303bafcc7eb434b54050e4afe8a9d76ee6ea0448a40545c88c1cec7b8f5afba07539ecc1666cc0dc213c9f51e9522de6c1546c9427b72bf2a25cdd2e0e825a46ee47028dabe82b1fc5cace8e1ebf025c5c2456ea11b05806d89ee47e158bceb30de593d94b090ba40cabe36ec6b98b6203e589031d866b770e9a94c6c758ec476aeb49f477e3f8dd8bcf0989f19c8ecdeb598ce1c306c303907d0d3ca229530cc01237076a52681a17c1dd4f0477aa4669ba1678a518f2f0a097b25cc4c2621994723f6ad05d5181df15362731b061dbb7ad578bfbda0a03e7e077ab26666a8a11c457a7c68e7181903d73bd02de12d76842e429cfd29cb904850338550b408b524a1979e36a0ba0b7b14e9c81a6c3630477ac5da624e3e75ab17d328afaf49f3120923b557a32dfca84dce825bd0607ce9465c9249246077e28b7521d9076273400ae5760d8f954bbd9b6e9246d26740c15c8d5d877aabd0ecd2ea433dc90b0a30001ff33fb5460ba8825588cef814fc7d464574312361069540361f4a49241e52aa4ce865e9fd3eee45324c8814ed1838ca0c8e3dc8e6974e9d6c6e253246b0a861a599b63bf65e00c0a822fee75968756b6c0240cf1c0af1efef5948677391c1078a5e20da749ffd96aed20b3be845bc71289012d27c484633903dbf1a62c674b980bccb079e511c60a723b93f766b9afb4ddf826160cd1f6054f97e5e94617f72aa890c6caa8a420c64807bd1a03a6bc3a19e0b596ed974858e15d6e060237a2838df8dcf6af20e9b610c25a53048fa35b3b212351e0018ce05732f75746dcc52072831c83b7a7ff2be17d7a8b81248a07cc628533bcab3a4b386d16e1e59d618e35c468110aea2ddf077fe1af93a75b5b5b4914622b89517579b87627607e437fbeb9a7babb980123492007604677a22f51bd05991dbcc72c719c9aee2ce7d69ec77ae5b25b2dacd1aa2995312469c2b0e7f3a91ac918ced46bab9babb2be3ea6d392005c629700edb1df8db9a34930a93aa66aaf7448da655d3ff00f33bfb77a8451d4659180ce32462ba1fe9695313c6d824956c1f4fe629df423d95e442c49c027deb30c49e310481b6db77a6ca824919e318ed4150d1be4e718a5f017b205a6ce31c9a375253e13488a320671ee2856e32c31b628b78e21b491cfc5f081f3ad0cc2db535442b800bedc5504676b789dbc50891e5f041dbb63e9535b1dabc662463271e99a4364a3ca87d250263161c025428f1064f1ceff4a200d25c14732b1d20b79b9dfb9fb8548af88da803f17ecaf1288e388c6ceb88cb1c30271b7bfa9cd793868c19e2665e3961b8dc71f78fc6a480ba943e42e772064e299592ccbb33c0c14e0045627181ce7dcd2b677e2ddd945e390c6ae1e46523c9e61b1df19fa8af234610c7e1b387d25037883e204e303d3ca6a5a1b50a4488ec49d8aec577f9e38fcabe3f656d01032f762ddf6e36cf26bacefc2ebb1d967694a857770e46543eac8193f5e68a158c7196f13040130661e7d8ec33c6dabefa9f2b5a1c9852456edd80f7e4d7cc6c8fc0928f39ddb7f2e36efce79f9d0b0fe1fa652328696560d2e632300b8041ce18fcb07f3a1f8723a1c3318b5786a9a86750dbd7e74917b12bff008a60dbee0eddb0319f9f7f4a59f41918a021327483c8146c1f86ba6579c4904b23ebd2adb67c41b9c6df91fc2b32930f831176007c2320e76dbe5c9fad49af6bac2b17eca97e0a5a306776ccc48cb83be06e71f7ef5ef419347518c1e18153f4cfe952b18a6fa71d37b01e4788bf9d10a8f18d1db81e5ce6b0ec4afbd6d0e93b8c8a2662c60aef4a4533ffd9);
INSERT INTO `pelicula` (`idpelicula`, `nombre`, `imagen`) VALUES
(3, 'Dragon Ball Super: SuperHero', 0xffd8ffe000104a46494600010101007800780000ffe100224578696600004d4d002a00000008000101120003000000010001000000000000ffdb0043000201010201010202020202020202030503030303030604040305070607070706070708090b0908080a0807070a0d0a0a0b0c0c0c0c07090e0f0d0c0e0b0c0c0cffdb004301020202030303060303060c0807080c0c0c0c0c0c0c0c0c0c0c0c0c0c0c0c0c0c0c0c0c0c0c0c0c0c0c0c0c0c0c0c0c0c0c0c0c0c0c0c0c0c0c0c0c0c0c0c0c0cffc000110800f000a003012200021101031101ffc4001f0000010501010101010100000000000000000102030405060708090a0bffc400b5100002010303020403050504040000017d01020300041105122131410613516107227114328191a1082342b1c11552d1f02433627282090a161718191a25262728292a3435363738393a434445464748494a535455565758595a636465666768696a737475767778797a838485868788898a92939495969798999aa2a3a4a5a6a7a8a9aab2b3b4b5b6b7b8b9bac2c3c4c5c6c7c8c9cad2d3d4d5d6d7d8d9dae1e2e3e4e5e6e7e8e9eaf1f2f3f4f5f6f7f8f9faffc4001f0100030101010101010101010000000000000102030405060708090a0bffc400b51100020102040403040705040400010277000102031104052131061241510761711322328108144291a1b1c109233352f0156272d10a162434e125f11718191a262728292a35363738393a434445464748494a535455565758595a636465666768696a737475767778797a82838485868788898a92939495969798999aa2a3a4a5a6a7a8a9aab2b3b4b5b6b7b8b9bac2c3c4c5c6c7c8c9cad2d3d4d5d6d7d8d9dae2e3e4e5e6e7e8e9eaf2f3f4f5f6f7f8f9faffda000c03010002110311003f00fdd2f1bfc72f067c32d421b4f12f8bbc2de1dbab88bcf8a1d4f5582d24923c91bd564604ae41191c641ac53fb5f7c27c71f143e1df3d3fe2a4b3e7ff002257e3dffc1ce705bb7edafe0259a2491bfe10842372eec7fa7dd57e6fa58d8ffac6851bd42c400fc6be870792c2b518d572b5d7ea74ca3460a3cd7bb57d0fea917f6bbf8504e3fe1677c3bdddc7fc24767ffc728ff86bcf84e339f89ff0ef1ff63259ff00f1cafe5852d6de58dbcbb2b756cf2768fe550c9a447315f32dd1be91015d2f876095f9dfdc45e85eceff0081fd52b7ed77f09d0f3f13fe1e0c75cf88ecf8ff00c8948ffb5e7c2755cffc2d0f877f8f892cff00f8e57f3f1ff04c3f85fe0df1b7ed57e0bd3fc5de14f0febda2dfea50db5cda6a56693432ac8db3956041ea0f3dc57d07ff000569fd80bc2be07fdab6e34ff02f817c3fe1ed165b0b79d61b0d396181498c060a91a9249653c2af53ce0735e77f66c3dbac3dddd9e843034a76b37aa6fee763f613fe1aefe138ebf13fe1d83cff00ccc767ff00c729dff0d6bf0b08c8f899f0f76faffc24567ffc72bf31ff00e096ff00b0f7c29f18fecb1f16755f1a7c33f06ebbaae836ccf6d3ea3a643712db95b69dfe5241c7cca0f1e82bf3bcfc079bc63e2fd42eb44f0b433e87a0ca926a0628024302127827df078ef8abc3e574eb5474a2ddd135b07469c6526dda36edd55cfe9287ed63f0b5972bf12be1fb719e3c4369ff00c7298bfb5c7c29d818fc4ef87bb58800ff00c24767839e9ff2d2bf976d5b415d43c57716b6b66b033c8516d625042f38da31dabd3a3f87fe1bb6f8676b19d074f9b5c8cb79a92419908e327a67dfeb5e84786e2d5f9ce3fdc6dafe07f476ff00b5cfc295ff009a9df0f739c60f88ecff00f8e533fe1afbe1493ff253fe1d73d3fe2a4b3e7ff2257f365f0b3e1868f3f8ca6d3efb47b5b8f363578964b70ca793bbef0f4af55f117c20f0458da47b7c33a043230c6d164b236ef53d87d2a970cc6ffc406f0e9d9f37e07efc7fc35f7c2763f2fc50f8747fee64b3ff00e3942fed79f0a5f1b7e277c3b6ddd31e24b3e7ff002257f3ff006dfb37e83aac2d716fe19d0d638e3dec7ec6a0647e1d4d707a9fc2cd121bbba863d2f4b56524663b70b8fd294b86e11fb6fee0a7f579e8b9bf03fa3d6fdaf3e14a23337c4ef876aabc127c496781ff00913d8d7c61ff000589ff00829659785be07dcf823e1ceb2d26a9e30b3759f5fb27fdcc162de6a38b597a492486374f363c8456c860cca47e46fc33b3f0b5a7c33f8c905e687a4cb7da5e9ba55d699aabc41ae34dbc4d46141143bb28e9309d5664233b17783fba2aebfb517893e28781bc49a55e7c5e8f5cfed4f1827f6bc1a96bf7266be9a07448c7980b3343091e5101c26d2cb850acc47c56655953c53c261d39593bbe9a7f565e69f63ee32be11a35300f34ad52ca3251e47bcaea2ef1b6fcaa5792dd2b3d9e93a78b2d6e7e245be9b32c6964fa8476e628c00a15275c0c0c7585e3e075c1ae5ff68092fbc6bf13b568f4bb7babc895c2878577472600e87d8f1ce304572eb7b2def8fb48b9c48a5afedf7e460e7cc5da7e85588cfa115f48783b495fec49268d47fa55c49213ff00022064fd2be2388f3b965d84551c6edc92d4fb4c9f2bfad62b979ac947a75d4f07f0a7c22f15453457466fec7923e56459184c9ee363023f3aeca1f0d4ba6ef9aeafef755be9142bdcddcad2be3fbaa493b47b0fd6bd3b50d3b645f745733a8e9fb8b71c019af88c4f1a6638fa7ec71151f2765a2f2f37f367d4e0f84f2dc054f6f87a4b9ff99deffe48fa57fe0e6f8fccfdb93c07f7777fc20a9c31c01fe9f775f9e10411dc3a2cd71f2f4c4485828f5c71935fa39ff0728279bfb75780d4856ff8a0d4e09ffa7fbaaf8061b56127fabdbf4ef5fd7193c61f54a6e5dbf567f346254fdc697d95f9b31ded043295854f95d8ba6d27f0e7152451c84f0ab9adc8f479afced863323670703eefd4f4150ddf86a4b2456b8b8b78d7697f926462a3fdac13b7f1af4e55528b6d59134f0f5e4b48fe07a67ec7be2493c19f19bc3fa879a17ec57d04fd3ba480d7df9ff0702698d0fc6cf0aea90bc8b1df686843248cb9c4b20cf1ed8afcb7f047c62d33c29ab417b1d9eb1a9411e1d65b68a30ae07a091d49fae307d6bed8fdbe7fe0a6df087f6d9f017c379747d5357d275ed074b6b1d52d758d35e231b288fe612c7e64654b6feae08e3232715f2d8eab2fadc2ac5688f670baa846eafef2fbecd1f4d7fc12eaff00fb1ffe09d5f1cef3a62ca45049e79b69473ff7d57c63fb21ea7a85978a7c692427ceb1bc8a38eea228ce802b12aeca383d48ce38afae7fe09e5e24d1753ff825dfc6a6d2758d3b5213111bfd96e524641b514e429257ef7702b9cf801a0785fe08781d7508ad45c5c6b8af0cc5d3739030703907907d3d6a728af18e2675245e6195d7c451a91a2b9bde4bff00254781fc09fd98b4a1f1deee45b55ddab42cf6d1b0deb6cd9c965ce720f38f4aebbe38fecb967e11bd82eb4db575baba411cc862018b0e0939fef1e78adef83fe308aebe356ad71a5acffe860fd8848d88e0dcdf328cf60c3a1c75c5741fb4ff00c4fd69740d46fa65b7b3b8b0d3e7b84653e631956362391d30c073c75af7e59852716a9ea8e0abc2b8fa3552aef974beaeda7f5f79f0debde2ab4f04f8c66d6af6e241a6e9339579224cc85010a4a8fe225b242f7040183d7d7b514f0f788bc2b16a3a3dc47756b7a9f6886e830656cf71dbb631c1041070462be57fda5ef3fb23c25a669f1b301753f3cf2563518ffd097f2ae27e137c75d6be1199e0b37f3b4bbc39b8b47f99413fc71e41d8fee060e064742267ed231f70e9c26170f2ab1759b4adbad7f03eb68359f106996ef6d1dc4d25bc8db8851b3007a7d78ac63a47fc4d1a4bfb8b3b35b93f319a60a4e7d066bce2efe30cde2fd17ed96b7f75751c806e41290f11ee1941e315c1eb3e22985b4ec58ab98ddf24fcdc0e4f19f503ea4579d88ad5541d49cac9763edb00f298ce34b0d86739cb44e4d59fc923bff05f8217c5ff00b34eafab59869756ff00849a496e63dd859136c27047a6d6c0cf03764f02b03e31eb1e23f8cde2a4d4bc57accdaec9a6db5bd95b45b1638e48edade3b784c84006693cb89177c9f371c8cf357be05f8ae3f0eff6bf87efae26b2b3f132068086f2d639e3dca549e837a6debc7c83bd6aeada5790de5c91c8d320c3be70643ea47aff00857e559862e746bb70d24d5afdd377fcd9f59530338a9e0eaa5c8a5ce95968da4b4ebb249dbb238ab471a54f6ba8447725bcb1dc2b7a80c1b9cfd33cd713f13fe386bde17d5a4fecd599ee195a596e3ed9246908ebb511580efd4e471d08af42beb41a7cb247f3793292d113c6d6ea54f3f523db3e9cf96eb7636efa9dc32a8759a45c83caed5042800f41c038e94f27c0c71b51c6a2ba5aebdde9d4f97e24c654c2505ec1f2ca4eda6f6455f0cfedb5f133c336cd35ddac5acd8a82e7ce428e5467a377e3d057bff8afe366a1a3fc03d43c43ab69aba54b75a631b7659c36c9e48cec8c8e0eedc40c63b57cefac5bc7247f311b5b39cf61b4e4fe82b463f0dd9fc56f0958c9aa2dccd3431ec5733b6fb761c36d3923a83c6318238ac73de0fcb694a33f6696b7bad3f05a1870ef126695154a2eab93b68a5f73d773f5c3fe0e18d07fb7bf6fef03c5f2931f8003918ddb47f68dc8240fc6be3bb0f8751dc5acb1c3a6cd3166056591ca3281d800d8e7dc1afd2cfdbe7e10c9fb507fc1527c2f63a5dc4525cbfc139b59b25108905e94d5090881bf899642477e074af8b7c5fe34d07c097935bea1a7eb1a84d0c855adda5166a083c838048fcabf50c0e60e14614a2aeedfab3bb8470393d5c12ad8e9c54e3d1ef6e963ca6e7e19b4561e5dc4d6b676ea7ee6f0d927d4e481f98fa533e277c05d4341fd9a7c55e22b55596f9acd934fe338b738134e07f78c6640a7b2a923ef0aeefc25f130fc67f1e2e8f61e14d3749b358914cf0445cdb40ccc6e374ad92d348ab1c4a782a8f29006e39f64f8b5a2ea3a8f80ef21d2ff007774b1811ac6a070319551d07ca318f4e2bf15f17bc4aad82c660f24c2ce29ce519d5bbd1454d2506d6dccf5975515e67d0e1f0b81c72aaf0d4da846f18cf5bcb4d6493b2b2be9dd9f95da2fc4cb7d764b78edfccb499542fcf8db22e3a2f6c838ebd466b4dafb7eaa636936cd3a17db8e1c74e3fa8ee3ad7b87807fe09d3a2fc65f8d5a3e876b24da4dc7883504b431193cbb3b3dc7324a500dcaa8bb9c842385c01dab0fe38fec41af7833e10cdf14b418f52d73e0db6b1269d6faac8e8dab7875c80d6eb7e8aa06191d713440a6e055b692bbbf5aca788a9e323db6d7a6db1f90e372bc460df2d6b7cbfad0f2ef0f4b71e1ef115a6b5a3b7d8b5ad26759a2b85e648994e403fde43d0a9e197dabf4dff662f8d2bfb447c1a9b58d1f4c65d674dd96379a6c0039b39cae495272db4edc83c1c30cd7e66e956d23daa5c4fb7ed32461728f94b95033f2e0f0d8e7bfe22be96ff826e7ed85ff000c39f1be6d4b52d1eeb56f03ebc9143afe9d6e512e2268cb34571123100c919661872a1924752c0ec23e83d8c2ded5475b7fc318c71f89a34650a32693b697dcfacadbf67df10784644f15df493bea37707ef6c675c2b02d9da46319e06d3c1e79a97f6d6f8cbe136f86f73a169f6f33ead716b1c0f2062719207cd8ebd31cd7bbfc67fdaabc23f1efc0317893e1b6af67a959eaf11896f6dadfe48b6390cb22b00cae8c1959586411d315f027c74d7215f16b4dabdf4f78d0cc19a1590abb856fb9e5af390723071d6b4e78a85ed6b9cb46a54c63f6b896eebe6785fc73f85ba97c44d6ad56c4c0b16996ecf279926df31ddb855e08ce109cb600047a8af0cd52dffb1afe4b592dbecb710b1475954ef461d41cf7afb17e22f86ef7c3b757f1dacd1b4d67773067db9132c598b23d73e5820fb835f4bea3fb1e7c3bf8dbff0004e1b2f17f86f46b18bc61a4412ff686ab1a2b49a9de03248f6973fdef9232232795511f38615e8caa479d27d5d93e9aec69f58514935a3763f23af7558edcacb0dc797347c078e4dacbed9ebf8575fe04b9bff16689a8dd48b1349a6c48b98931e7a3be7710381868d57dfccce0639e6fc57e028fc43f16e2d274ff002e28ef1c02392b102031fc813f8015eefe0bf86ba7783d5ad2dbce99b5485ace691db697dcbf2018e17e755c6338cd7cb6751abf57af38fd8edd6dabfc0f7f87710a8e674a72d948e56ff5993c6de0ef3042d0dd69f37ee66888dcbb70dd38394c8e7d09f526badf0078b24f16e81e62aac9736988eeadb215e33d9a3cf1b1baed3c29c807a0ae7758f0d5f7c25bb6b8923fb6e8ba82a4b15ca80a41392a4f3857c60104e0e060f00557f86d3c29f11d6e157cab38e090dc9ce162439d99c719cec5039c9e077af89cda9e071796d1c561a77abb4a3d6f7d1af5d15b7b9fa9c6a62ea62ab2c4452a71b384d68ada5e2f5dd6afd0e87c7ba847a4786af2ee3025f2d0b0420862ff00c2a41c10776d1cfae6bc43568a4bf8efade3918490bed470486f41fa63f335e8df1fbc656763069d616b7d25cc370e24915dcb49008dd570c5be620f9808dc493e59f6af1bf11f8cbfb3b59bef224475b854757539d8e391f957770ee15e1b0d2a95d38c9bb59ab356db4f53f31e30c742be2d5383ba8ae9aabbdffc8b5af6a922784e1ba502e269614c807ef1628a718ff78d777f0cf4e683c236f237fcb6dd363d99891fa62bcdb47f17da6a96eb6574ab6f2487e596323cb0e4fe993dbdebd33c0de28b4b1f0f416b792c76f341988abb05c05240e4f1f77155c41cd3a3174f55732e13a94d62e4e6edeee97f53f4abf6aefda2fc43f0d7e3d7ecb3e3bb4be4b3f125afc15d2cc92db4be78f344f2ac809c0ce595832b0c02581ce0d7a07ed67f0e7c3ffb737c2bbaf8c9f0f6de3b6d7b4e881f1ae8111c496b2918fb644a396898e771ed827d6be33fda97e22cde2ebef86eac8c8ba0687a8e9904a091e745fdad7572bc1e5768b9f2f1ff004cc11c102b53f648fdabfc4ffb357c4ab5d73c3a91dd5d60dbcb6138df6faac6ff0029b6917f895f3b7191d41e0806bbb2fa8aae5987c7fc2dc149dfd2eee77cb05285474a0bde8b69767abb27fa767e8765fb29e8baf69da46a5ad69a2cee34b9ee9a15b766fde48d1e524707a1190ab82411b3703c957f6ef0a7c4df0ef89fccb796e069f791802782ec6c36edce431206df62e17776cf35cfeb3e1bd523f01e9f2f82b52b38db0f34f08555fb43b9df21507853b8b1dbd0741c62bc3f5bd1b51d435592e35ab79dee1df7349711ff0017b1ff000afe3ea994d2e34cd31798d5ab1a7cd276495a6ba2528ecee96e9b67e9d4d4b0187a7469a6ec96fb7736be3d78863f857f102e357d1f56b3fb64d117b16b695646333214e003ef927a6327b57bbfec7da24de25ff8266fc6ad0648db769777a56a91a49b970a6468dcfd0281d3b57cc7f12fc4da1fdabc3ba6691a65bdab681a605d4a57897cebdbd96699e625c7250c0d6caa09c010e319249fa7bfe09d7ab4377f0e7e2e685e63dc47a878424b948c67e716b3c5203db3f231e9e95fd3bc2b92cf2bc92951ab53da4ad1d6d6d12d34f43f3dcdf31fac579371b72c97e12470faa7fc13e7e17dff00fc136aff005d87c23a469be36d53c6b1d9dbebb691b2dedbc690337971725631b8b164500381ce70b8f29fd90ff607f017c4ef18dc5978db59f1a6b1716373244d1595f269d1b451aa31460885d95b7104ab2b2f622becef0d787356f10fec43e0fd174bb59aeefafbc7573705230a77f9365112c371038e5bfe026ba6fd96be00f857c13f076cfc71e1f29acea378d716da85d499df6773b944d015ed8c28ce31efcd7db656f9af7dae7c6e6d3a3152497bcdbb5be4798fc5ed17c2de13874dd3fc31e1fd3741f0b6970bc76da65947e45bc0aca586c44e092c4b166f99892589249af0fd58693f107c6fa85f5ce9f6b6f35d94b8695a31b649242cc64c74e49071d323dcd7d5973e17b2bd7d523bc86c7c9766658d38c31c8c75e382723b62be38fda6edbfe118be86d63b8165e5ce563758f7332641f940396e076e9935edd6872c39ba6c79f85ab049d2d6e63fc43d4adfc45afeb0f60b1ffa0c9bbf7619a365958b464673d738c0eca0f56c0e4bc2df133c67f09346bef0fadc6a7e07d4bc4b6761a85ddbc37d2ac5796eea5eda78cc4eb0dcc2d970b29562a7cc4cc6eb22afa0fc33d27c3bf043449b5cf1c4221d535658e0d0f4bbc94f997501cef96e1118332c80050095d8177028e148f4dfd967c5ba9f853e35f823c21e26d3f4ed23c036715cff0065789f54be8c5df872d6f2f2cb5116ce429063fb558c787710e239a6521432aa79d986271f4a543d8d353a77b5457b35169b535ddc5a49c5ef16dad63a91c5d07cca2f6dafd7b9f016b9fb3eb59ea326ade1fd4a783538774914d2c8ad14ae492557ab01cf5627f11cd65f833e32de6b7a9c9a4ea16b32ebd6ee7c98a3858999d3242955c9ddb8761cd7df9f13bc63e0c5f8b3ae787be25695e19d52fac6f4587f69583476970cdbd556e167b7646961757f3370e8a558e06fdbf36fed25fb1a5efc3df8b1ae6a1a1e937b79a7eb56563a8e83766f238dfca64dfe7292a05cc4caff002c9138c94e771208d336c5e1f0f87729ce3052bad766dad2fd75d15fccf5b26a153178a853a517bdf4b6df368d68f4f8efb51b7b681a3985b19cba13b97cbf3e2280f63f2e463af24552f1dfc37fb46930c3a4dada5bf972991a189121126548c8c003773dfb135e97fb39ebde03b7f865a5699e30bed2fc3be20fb46dbf69f4f9ade4976348200ecaa577ec77779242b9611eec90c6b13f69cb3d53f678f88163ba15d57c37ab5a09e168f008dae41647e872190e0f072391915f8de1f0d8fc0e2a962f0a936bde8e9a3b3fc51fb160e387cd1d6cb27f16a9d9ee9754fe49f99f247ed37e0dd4bc33e15b19ef2deded924692145f95a40090c7732f079c639245786c966a803b9fddc83863fc07be7dbffd75f5a7ed4b73a4fc61f85cb71a4ea5125e696e676b3b81e54b2211b5800782c300e013c67dabc7be1dfc21b8f8dbf0f66874b7b1875bf0fca44b0ca760bc824c95e40e18307018f046d048c035f6cb3f9e3297d7330d2576a5656517d2ebcd75d4fcc788385eae1331782c3c1eb1bc53de56dfe7b9e4c34e922f32158c16940c6573b1874ce3a039ebf4aef341f85fab5d6951497fae490cca7e658123b844400725b20377e848c77ae77c41e1ad6be19f8864b4beb7bcd3af2300b4328e4af620f2aebc704641ec6ba4f875e24bed5756d36ddac6f960d4a716e4c285a39016dae54ff091d4e7a73d2bb30f2c1b839d6a928ab36b96dabe9abbdcf9fc35192abeca54ef2ba567756d6daafd4fb2ff006ccd357c2de3ad1f51d4a65b3d3e687508503f043add07c8e390c93458c724a31c7535b5fb0bf842dbe2b78de6d7b4f6996c7c2e164fb4dc593f932dcbe5638977edde428958e0828c13382467e7dfd9afc03ab7ed67f1e3c39e15f106b9ae6a9a644d25d5f4d777b24ef69668034c10b13b0c9858c11dd94f3815fa3df15fc69a07c1ef06c916936b069f0aa8d3b4eb3b68c24512431ed088a3855591a663ea5c9392727f1ff13738c570de4f86e05a12f6d8da94b96528e918c1ced1567ccdca51524f5b24b5bdf4fd1b86252ce3173cd793d9d08c9d93d64e495df9249bf53c53e22ebfa7e95e34b98b41f3bec51cade6c329dd10901c1f2fb81ee3150eb8d1ea5f0dbc41e279ad2eacf48f0d40b25d5dbea53ac62670c6281029cbcb26c72147448e47385426b91b495e62cef96663b98fa93deb7bf6d7f8867e127ec63e1df05cda7c2d6fe3e926bd82fc3babdb5ec335bb5d83d15b16ad6506c209569256040dc8de870bf06e1655b0f867773825797334ddb7bb4d5fcaf7d0f5388739a986a0e51de4ecaeb6fe91e61f0ab51b3f8ad616dab411491cd713b5bdedac6f911cae7e5fc39519ea73924ed39f6bfd917e369f0bf8d6ff00fe110d5e3f2ecf7e8fa8457112325c453a18e50e4ae7ca2370564c1055987603e0fd1fc637be1cb7ba874bb8bab38ef57cb9c45210255c11c8efc123819e6bb6fd98fc6337c3ef8a7a3dd48b2c3a6ead27f674e58158e5562075e8763953c67193d335fd1cf25c33972a568a4925d0fcb1fb4a9ccdcb57afea7eb045f1a174cf815f0665d1edeedae26f88d776a229ae1ace76706ce22b94e50ee9150f0c00c8c10715f727c65f16683e12f8632d9edb58a4b79a6b8b74b5b71020cb970081d5b07e63d5b9247271f983abfc5bd2fe187c44f83b06bc934da4c9e37d5f5ab848a2f35b370d612ee09df925b03a6335f6bfc6bf18693f127c0b1dc5bdd3c48d18779a601783b41077f7e4807a815f3781c0c172f936791995e538be8d5fef3e2afda2be2c32dfdc341a97d8e0799845e436e2bc9393fcff001af38fd9b8697f13ff00696f1d5f78ceeb4fd7b46f0f68373aa882e19b37eef0431c58da3f791c64c8c518e013bb04814ef15fc11bef8ebf142e3c3fa5c73d9e9fa1a6ebbbd7490a3464aee3c0da1fbf240c64f635e9fe06f819a5fc07f0d5be8712adbe9f77790c5aceb33445def8e59e28888f931ac7b9997a02c011935ec61e5cd2777a20cde5469d154a37bf5b79ebbf733746f864d796da4ea7aae90f75e3cf1230934cb18d11acad2ddd7f7324c242c3217123071f281f7735e63f1b3c5579e38f1ade697a2cc6e746b3c9bab9986c1a832231672e02aac60a36727047002f4ad6f1dfc65d7345f1b6af1307b8b9f135b5de97a5b48923c9282ebe64b10dcc918112ed3b3f85d867d70759f066a0edace936da7ea1796fa75a35cdf841feae2e3249c803e50540c16396da0e09aa9555ecef17a5f57dff00e1cf3f09514aaa96eeda2577f72d5b33fc35f093fe12dbab9b1b12b35d59e9f737d7d708c238f4db48b60dea7b624ca727e679624500b035e85e37d56f357b39b48d06f6e2c7c276ba84f71a769728db05882c40d919cf96db400db7686c64e78adcfd9f6d61d3fe0deadad22fd8ee3c54cd6f1a2aaf9324103413011b83f3799f69de140e3ece493960071fe3ad7e6f0ddacd35ead9b5bf9526c82dd889aedd6377d8bbb0a8085efbb6ff00b470adf8c71c6633c46631c151da365e4dbdff0043f61e09a54a9e06798d6d6f7e9b28f55d6fbec70ff13aea3d17c3179f68d596f209945bdcd9c7643ccce448b1bb061b704061fc400c806b84f863fb4c78c3c3de14beb1fed392fb4081e58ecf4bbbb68efa08fe507ca5331f316166032a24c2e01553cad6ff00893c07e28f1fc8daa7886d6d3c376ba7dbf9761a5424ac70c4d283e52a12c577053239639679093d703cfad3c1d00661fda12c36f1cde67944f0f8eae7a7a9c75e057de641c271c36154719efc9eb6fb2afd96deafa9f219a71a50c562154c349c7cd27cda777bbf4d827f14685f136459aefc0fa1e971c8e8ad736f7371140c181dede4a0276a9c03b7fdac671cf01f0306a3f02be2cea5aa0d0e3bad2f54b796c2386ee7f2865a4473b5c6e20c6139255871df391d6788ef3fb36f2d16dd72363cacbbbe5db1faf6e7773c8e9c0ae3f4df1b5d2e9d7daa6d631d85acd361a4322aee23eef18e7040f615e8ff00abf97c29ca0a3a4b7d5fdcb5d3e566695b88b1b8ba94f1152ab93a7b3eaafa6ffe67d189e0cf0afed0fe1dd2b4bd7174fd3f518ad8ea2b15db09a0bfb560fbde16c0659136bee8f860633c9dad8f25f886ba1fc12f05dc69be17d33ec96ec9f3dd79ccf71006c9f31c15fbc739c876da083d315e67e029350f8e37971a7681a3de5c6bb2306fb42c06768df70643941b8b7c990aab9c67b0247d2375fb37fc421a4d9dbeb1e169275689122b6be78ed1555727fd5966918e4b1391838e5457c8e3b19c2b94cdc71b5526ece3073ebdf56b4db7b9ec616b67798f2d4c35b66a53e55769f4ba57fb8e9bfe08f1f0887f60f8b3c6532ee9ae668f4781c8e8a804f391fef33c03dbcbaf75fda3bc0d25ff00c2d8e69a3ff4bd35fed121073f339264c1fab1fcab13fe095cbfd8bfb3b5ae9370aa27919b548ce3efc771f30cfa905594fa00bea2bda7e2b6871f8a3c39a858843fbf81930a3249c7181eb9afe3df1138b6ad5f1131398b7eed3aaa317fdc87b8bef8a6df7b9fa4f0be5ab0d91d0a2f7e5bbf596aff003b7c8f8c048b696e30be64b27c91267fd6373c7d3b93d8035c4ffc153be225c5ae93f08bc077771f6ebef0d6917de21d4880a05bde6af3c72f9240e37ac36d0337a19769e5081e9fe21f0deaff0003a6b7d5357d374fb9d42343716f6772eb25bb04395590670519800d9e1cfcbc815f31fc65f1be83e36d4f54bef10df1d4359ba433bdd4ce5ef269a4ccacc4ff00116924624f42493debfad3812b51c662162b0b352859da4b63e0b8c24d5254e5a59dff004381f869e1bb8f887ae7d8edcc76ecabbf74996c8c800003924920015f5d7c50fd933c49f0d3c396ff000ff5ad2fcaf1169769697d68d6c0c91cb249179c8c8d8072c0b83d3927ae335f3cfc11f857aa78375ed3f5e6d4d74fbc85e3b982d52212bf0432f981b8c67048c1c639afac07c5ef1b7897c6ba7eaba8f88a4926f105a5abde8820f3a6892048a2b446c3e63b99911424280322346d8c4aa13f58ad9a430fece9577ef4ae92deed2bab25b592d5bd363f3cad889c63cfd16acfaa354f07fc25d43c27e1db41a0ebde28f1268a935ba6b11206360ade6402fcbb385c62dc302c8c5982e5194915cbfc67fdaa20f805e2cd0fc2125c5d5e585f69977716371730e4b4aa63468fe603e6c387e00e9c76af23d33e23dc7c20f8eda12f892de5d32fbc4da3dc5bd8e9f0471dbc7711891d8dcdd3b36eb78630ae0b6589c83b176907e47fda5fe33dc78f7e3e586dd62eb56b7d1243676377349e7b488f39df22b6c4ca6e67099453b1141ce09af0f0dcf1968d3f76fdf7dbccf370356789c5479ff8697aff005fa9f637ec7ffb46d8687a7eb5e20d2758b1f176a9aa40cfa9e95a65f39d42c36ab3cae909d8a51f7c50ab232a930f3f330ce3fc45f8cf6377a8dd6a9abde6ada86b91c49737365b92de39a69b70854dc7550a17276f007de19181de7eddff00b1af83ff00610fd8c741f8d1f0c7c4d61a0f8af4eb25d1b57d2a6d2aef56b2d716f0c6e9048f19736932143b25b93b251c6412b5f943a86a4be23b7d5f58b3d424b3ba80a5d49676b07d9961decc930c21daa3732e08240ce30b85c78985ccbd953e4a97937becb4166d80789c44dc6d1565aef776b3d1e9f33f4a6dbc59e28b1f86f36b1a85bc325c6d82eb41fb1d8c7710b37980798c9b99846aaafbb7850564ce08071e09fb4425c78bf5bfed1d4bc4fe1cb3d49ada0d425d256cae6330c93c51cca916034646c68d72ce305002140c17fec99f1b7c51e38d717c59af78a7c53e2cbfb4b96b3d56ce7d5ddedeed1a3548e610e4205da00c81f783138240af4bb0fdafaeeff5b9acfc4be0bb8363631476f6d2269aa82389e431029712ca0f9610025906e0cfcf3d7dc97b0c44a3ecdda0d79eff0079f51c0b8fab925170a985534e5784934a5aab3575cd2e5badacaf77a957e0e7ed85a1f8a3e1bd8fc3bd72d6fbc38de1089e28afee19561bd686186295591c1027568b2142963918dae30d93e1ef89fe1df8f9e2eb58347d66c750d26d2292e5def6ee48659991b84685d9a654cae7015779c02028c37cd3f163e1758eabafea178352bdb9b9ba9e4bb9afd9dae85dee2ee4b6f456de3738c8c02173824d7d53fb297ec6faaf80fc07a67882f7c0ba368dfdab08845deada8358c9e56d1fe93e65c4a117713bb6020e074af0b07c3f83fed1fafe2136d74bab5d6cedbfc859de679b61f04b012a7c8a777a6f66eed6fa6af7d1d8f3cfda27e2f2786bc53f64b6b89b56f38f92d0d9c9247b41c0452ceb924e02ed51d0726ac689fb33fc4af1ce851ea179ff0008cf8722923f3638ef6ee46b8954fddf9625c0183fc473ce6bdeb52fd95be0ddd6ad1ea3e35f88961fda56b2c737d83c2714b7d730b755dd233430e4e320ee61df0475fa37f66ad1fe1c78aa2bcb6b1f0aeb1ab69d6fbadacaff00c4daa0b9b8b9d8919936c10c71c712c7e64632cd264c802f3b8c7ede79c6b95e5182ad98e3b9bd9d28b6dafbacbcdbb25e6d1f2d9564ef135e384a4ff78fa7f5b5ba9f9f1f0b3f678f1c7c51f184de1db3f86f6fafc36ffbb92f74ab936f6b6cb9e5de598aa80793b5dc1383804d7d5df0c3fe091fe17d0f4f9bfe136d51aeeceea358df44d1898a00b8c146b861e61072721021e4e1fbd7d6fa66996de18d1a1d3749b1b6d2f4db7e22b6b68c471a6792703b939249c93939273504d0c93b73c91cf5afe10e36fa46710e715674f27ff64a2f45cbad46bfbd37a45f7505a6dccf77fb7e47e1ee5f85b55afefcbaddbb7dc79ef87be19786fe077829f44f877a0687e0db571826cad46f6edbdd8e5a661eb231f735e61a9685a96937d7521bab555b87dccab01790f3f31798b6e72793d154103000c83ebbe2ff0010e93a2dc2c379aae9f692b0cac734ea8c7f02735c6f89522bab669ed775f46472d683cfdbf82e4fe40d7e4d81c56226e556b37294deb295db979b93bb7ea7ea587c152841282b25d168bee388fd99b426f0f7803497b58e35bab758a28a272556457c068c9192a3001cf3cc6bd8107d0fc6561e22d50aae96b1e93bbfd64d3889dbfe02c19c0fc633f51553e1f786d7449746b5db858609eeb3e8515221f9f9ec7fe026a7f8b5f14ad7e1d787ee3509a4506305618c9c191f1fcb8e6bd1c554af8dccf9a8439e7524da56bdf99b396b28c29b57b247cb7fb63f873fe11efb75bac979e20bf6b267ba084e5e56fdda1c33162ca595b96276a1da01e2be5bf11e9b63f10ee7473342a069f7cb7056de345df19e59117a0c9db818206c19cd76bfb42fc7ad4b5798dd5bdd486eb56bc779a582751340114aa22a83b81f9d896c601f941c860380f09341aa5e47f6a6b88fc95593f74de5b100f29bb3f231c0c33719c74e95fe82786d90d6cab22a587c5bbcf46fe4b4fc6f6feea47e21c518ea188c4ca51b38a56df7eff71f525c5f6a5e0c86e34ed3f586f0ec904f6e65d3b47fdd18942ee76778cb3de6d1f3b48e0a9e31b475f48f81be019bf688b6be87e1fc334dab78a6e2ef49852dac246d3b4a648a1943dd9d9be332e5dda5803287784162ceca3e75f14788a6f03fc1bd0fc709ab684d6f79adcba04561f669ae3549e7817cf92521500f28078c65dc1f994aa63a7d91ff0004a6f8816dfb126afac78b3c5da4f87d6c66d343cba8d9941707ed0f1b35b995cf2b108d5f2e5093337cbb4a337adc5cb31ab81e5c1cdc67294573249b8c5bd5a5f76dff0004fcff002cc44695775ab3d35e5d6d796c97e3e679efc64f8abe34fd843c4175a4f8b2ef50f08eaf0d819b4f682d62bb935d80c68cd04171386924860611c1e49fde8daacf21124613cfbf6815f837f1afc04f27c4cd0b47f87ff10a50b136bfe1c49ae6e1ae9e24944af6d1262580ab2296958b96f3021250b54bff00054bff00829d27edc5f1a2ddb4587ecfe07d3ad4430e8faa2831de4ff3a79d218c839cbf4dd83b50f3b707b7ff008276fec91a3fc74d12e3e307c66b1d1afc490c3a7e916735fc37365796b696d1dbbddccf04a632c244da5093f3aca5812e847e05c51c3985e15c24388332ad3a7554dfbd45daaceff0c5a93d79bed465cc924e5a4558fbfc2ca18892c2ca2a2acb657b5b7f99dd7ec71fb50e93f1d7f658d27e1cf882d3c1dae6b5a4de4b65acdac7a53470ebf2490241a4dd182484c73436de7ddbc9bd5309a5c67605091d6deb3ff044bf08fc28f8b5a2fc4df86de174d43c3b269b3a1f879e273a7eaf8b916e63135ba3c98bb2c0f9bf6795e1915d321c0c469cafedb7fb277c3ff0c787ed3c7df09ef2dbe1df8cbc2b756f7105c68972d0db3b493343136d0488e55954e1a2dac42c990d818defd833fe0a59a1fc70d3eefc2bfb414fa4e85ac68a1211e2686c20b45bb6b792e4b43282a61c98e78b72cb1b239563b47cad17e8fc1dc6196716609e232f538b5a4a134a33564aeef16e2d3d1e96f348e2cd729fabd6f6d824e4b7b3b3b79e9bafc8f11fdaabe17e89f05fc6f65aeeb1e0f6f0ad86ad6d069fae9d2eca0d1d5ed432caf00b0b52e90ef542c8d2ca58f9529070ee53caf47fdab34bf8f3ab6b1e02d12db4df00697e2abcc0bed52ee692ef528a2cbc7f6d92252133f7c451a10ac150b38249fd56f895e15fd86d3c29a8e8fe27d3fc03e2fb590cf38b9d3a2bbd5b505558d3ed12b5ddaef789c3062cf1bc6a8a57eee0d7e1efed03f0d3c2fe0ffdae75bd33e1ab78ce1f03e85a931b6baf14d8c76d79032329681994b248030c2bfca5d5972a09c9fd272bab87a54258777524b4d7f37bfe0bd4f2f0b1af5b171c424ef292b69a5efe6ede7ae97d4f78f0c4571fb36eafe29d6a3f1868babf85f4131a4977a7599f32f26f91c080ba2cc0afcc18642f46e4814ff1f6b7a8693e05f0f5ff008a2eaeb52f107896f7fb4de37944cd650ce243144c49e0f978639c8c91cf22abe9df0cadfc45f0834bf1d6bd348da578866bcb96b6bcd4ed21b6d4ed6d1e3496e56366fb44b9696552635c7ca815642d84f2bf8b3776de28f126a1a87fc2552df793f66fec973682da184abe65f36ddde42762aa2a1debca9dc36e33d986c761ead374a3ba76d13dfd52fccf4b8a32fc7e3719527855ceeceef44ac9257decf5bfc3e476be0cf0647a6f8dae2ee386e84da936e9ad4dc3c9196c7dfda49c3e38ede95f707ecdfe36b5f04e9ff0de6b868e3b7d62df55d0ae5b78611dfc37a270ac7b1f22e6d411fed0e718af82cfc44bc94e82de1d9ae639dafa156d4d210919daca5d5f706f948c96f2f3c0232335d17c15fdb63479f5ef18fc3dd7a4b88747d6afa2d63c33a918769d3f578808d9180f9960b980942e7244905a33610311f35e22f0cacef86f1380574e4afe7a6a9fe47c8f02d6af97e714f118d8b8a9de3aa6b47a697f3d0fd649ef23553bb3f2fbd78ffed05f14fc35e1cd3f6ea09a5de5f39f2ade09a11752293fc5e5a867da319e0649c28f98814dfd9dfe3b43f14fc2c963a85c2c7e20d3a311cf1b1c1b85031e62fd7a1f715b5e24f00e97acea91de491ccb790c86486657f9ad988c314560501604ee25496e33d063fccb8e5bfd99983c3e6319270e8baf67e8f7b9fd55468dd5e9ea7c2bfb50fc326f125dff0068e8ba478824d66e4e19f5549a1b33c7def29795180308a801c633d5abe7ff00147c4bf167ecff00ac456bf670d74a8a6458257b46c1cf2307054e0f053d7dabf52b54d05adb52fb44c2daf2d625cb3e0412201c92700ab7fe39f4afcaefdaf3e21afc4cf8f5af6a70af976a26fb3c0320e51095edfed6eafeb4f04333fedfab3c9f13878ce8d383939b6e4d5dda3157d15f5e87c7f1bc2581a0b1b87a8e151b4925649f56ff0023ef9f88ff00b69f81fe10f8daef4bd63568edf5082d6da27851779b7560f26e3dfe612024282708a48195cf81fed01f1bcfc4df1ad8584770e6db549562b4118562d191bb2aac543161f37240c6d048dd5f1cfc69f1f5dfc60f89771e20be5b3b3bcd5046939f348890a2ac61999ba00a173d00099fa7d1ff00b427ec9f71fb11f803c0fad6af7c35ef88ba47cde2dd2ec2ee0d56d3c2369349149a65c996d2478a24b947c22dc346f3101a31b10b37e9dc1fe07e5993c70f8f9b7f5ae5b4a32717173b5fdd76565cda36dbd2eafa9f0b9a78818aab56b50693a4e5eeb8a6a4a37d5b4dbbe9db5f2323e1efec596fa7eb91af89b58d53565b85091a69ff00206f5123b86618eb95c63939ea47ddde01ff00826e7c2a8bc2525beb3e15f3750b845c5ddaeaf7f1dc5a63180a5a668d8838fbf1b0e3a572ff00b1ef883c37e3ff0081575ab6988b7926a1a54b777825c31b4b98325ad8f6215846707ef2ca848c357ad6bbfb405bfc3cf85fa65bd8c727883c537700b5b0b088ee96e590f94279093c20c06662467200e48afc1fc46f13b8a71199bcab2a954a12a55391daca4daddbbdf9629a69dfa59bd0fafcbf87f289505565155232574debbf4df7fd4f25d23f640b1f0aeb1e13f08dd5fe9fe2cf03780f56d4b54b17d46ea5b5b8d36d2ecdbcb7d652fd9e3f2c27eed2532a089882c329f74717fb37f83bc3ff0009ff00648d1ed3508d66d4be215dff00c2411da49079372b6ee088d0c48efccf124128cb310377dddc33d878abc59ac407c13a5d8cb32ddc7136b3e2cbf8ee42f931c89222aee03acf33611460848d9b8d95e3bfb6e7ed6f73a5dcf8cbcabe8feddafcf650e97e65b2fda74f805bb99f74f9fbd248a40da14a048f230715fd35e1f66d8dcef20c2e271bacecd4a56b39f2c9a52492b5a564fcef73f16e2ec22a599cf2ac2cdf25d4926f48a6937f3be87ccbe369edbe1178fe4d3745b1b1d51acf744f1de466ea29d9d0f042900ece8a5483b9323af3f4b7fc12dbc4a9a4f852c7c3aba847f6cb8d7ee7c9b47b56bad3a394adab465a48dbf74dba566d8a0a3f924e432e0fc91e05d11bc69e37bef0fab16bbd7ad8c16e13007dad57744aa7bef70aa3d7cc3d47583e0dfc56bef859f136df5456d4d748670bac699a54d2c2da8596409631b73caae586fe3e53cf415e97889c3ab38c96be129c6f34b9a3a26db49d96a9a7bed6d76badd7b985bd3a909b7a6ccfd53f8f7717df17bc3faf59d96a5a5dcc3e1bb592f75796243e55ddc8b57548e191181d90819652a4348a159805653f0a7ed25a45bd9fed01e2ad3a1bcb7bcb2d26e05a5b5cdbbabc3241146aaa54a92304ee38ce412413919afab3c3df1d3e1df82ff66ed6bc6fe06bc9b42d5ec6daee3d2eccdf07d3eea29a61e50b689d1b6b093ca2ea3072ac7e4dce07c0372cd63a5bb46558975558e4202cc108fdd9ff00782b027beeafc6fe8ff926270b88c663669c69d15c8a2e3cadc9ae797969caa3bdbdeed13f63e0fa318d5a98f9aba845fcee9bd1fc92f9dfa1f667ec5ff00fe357817c33a47c48f06ea9a5cd6b35b4f02782b52967807892d2e12372b14f1b7ee666df0347f285f32e2d8966690a0c1fdb63fe0a2fe19f8cff00b2849e0b7f0ff8f743f136a179a6f883468358d312de386088e70d379ccaf6d221668c411ed0c4677952c7a0f83bff0005159fe3abe9de07f02786ed6cef92c5624967d4a20b6100dc1e428ea9190b0b306532000431b1ff00542ba6f8f9fb3359fc60d2b45f01f8a3c2ede11b8ba9e1b2d3b58927b6d6459dc5adab7eeb2ab1ca972634c346f8858163f7fcb355578ef1d86cd7eb19f61af4e526df2b519423d345773b2dd257d19f0d9a4aa62653ad4adef6ad6892f45e5e48f13ff82797ed63ff0009f6976bf047c4cd7537f69587d87c3afa43416ada85ec71482decee9a422291a5ca448d29dbbcaa950aec4745fb527ec3bf12be287c2abef8950fc0df147c30bff03e9b0db6ada66a173f689bc416b6f1a47f6c0be546ff00684400b911ed9111981ca6d3d3ff00c1327fe08efe2bf037ede5a1de6bdacf85bc55a3f815bfb7a6d2e29a7b3d4354842b25b4f06f5588ac772d099419b2a405daeae09fd0dfdb53f658fda43e34eb9e1fbaf84be3ebaf873a669a1e2d474fbd6b37fed005c324be7472b972aa4a18982a9dbbb765885fde387b3bc9b154238bcb5c7d95557e65ccd3f9f7ef75a3d0fcdb30c4636962a32a6dde3dde8bcadd9f99f83be00be83c416c96f7d79a8db58c52adcc51e9c0bcb23a865000e9cab30e013cfe35efde20f0ce83e19f83bf6cf07da99b5ed6ad3ed5fdb30c43cd862dc5444a181019490645dc5c9c0190b93f68685ff06d341e36f8857be22f13fc4b6f03e9b7e60b95d1f43b0827b913f981ae4990b186146018a47189023480ee213cb6c9fdb47c35e03f8432fc34f8470f86f40f05c9e0ed335ff11dfc535d0ba69e2b8bf86dad7507999d9daea78ac839466242b85c05550be854c5fef7970b7935b6f6b75df7fbbe67d3d3cdb038951a58b8f2c26d3a8ecaf75b59a57d36b59dcfcf9f85de39f8a1f07ecd62b9d3e6d734fb1dab030ba315ec00e702393a9500636bae40c0181803dd3e1f7fc149352f0dd8b7db2f75086de1609245ac5a97d871d03a166ec7935a9a8eafe13d6af20b0d167bdd52ef7422092edd2c6de3dd1893cb72be63161b5828529c821b19c57ccffb5fc3ab6ade24d3f45d3f4c7bc92ce4ccff00d9f68dcb38db1c791927255b81dfd715f279a786f91e7b1954cc70c949f6fcf66beeb7958f6aa7163cb250a194d595482dfda25f8689dba75d8fa87f687ff8293e957ff01b52fec97b68757bd8fc95315c2c81b7700a8fbd8ce7390303debe18b9b86be3e6336780320eeedebdfeb5f667ed5dff0004dbd07e1dfc3ff04f836ff56d66dfc55a1e98875b920b949addaf9be6980465276ab92a30c010a0e01cd7cbbe26fd88758f0b46d2e93e2ab39a35e765cc2f6e703d4a971fa0af1783f2fe1ee0f75b0597dfdf69c9bdf45b5d5f45a9a6712ceb3c853c4ce9ae54b4516baeeececee7b87ec5575fb30e81e2ebe5f89fa4af887c2efe1f9eeb57fed91a81d4629136916fa7fd8bcbd975e67cc1c9da604972e0b9548fe21ffc1511adf41d63e1cfc39f03f86fc1ff000775eb2fb25d78622b4327f6a26c55696e27919a6925f941591dd9e30aa1581518f62f167fc131b43d73c0da8786edee2686fad36df69372a8c896bb9593e750499012ac1f2493b94f5c1af983c61ff04dbf8bba1f9f3b68fa6326960c90c916a7188e7cf554c8072c71f7f6f3c5570d78c9c2b98ba8e78a54e49ab2aad2ba76b4a37d1ef67a269dfa58f1f36e05cc70b35683a8adf656cfa9b3fb0b7ed00ffb3b49e38865bd9e6d064b3fb75b59cc7e6b88a22cd230c70ac42431b81c9f94ff0008264fd9c7f6acf155b6adac69b7b716ba96a9e28b50d0dc5cc3e6258c8802aa88c32fee0a9c6cdc1720139f9b7790eb5e00f15786b42d726bfd1eeb476b781ec9e3b95f29dd9e58448a327a011b727ef6081939c771f08353f0ff0085f4fbaf1769f0ea5a4685a4d847637579a981249a86a2e58b04118cf9611a33b01000519059b27e91f09e439962b1b8f9d38d6f6fecd395f7e44adaadef64a5aea92e6b9e4e233ac7e070d4b0f42f074d4add377e6bcddbf03eb5f1b691e20f86bfb2beaff143589a7b9f04aea96fa7df5cc7328bcbfbb914203e58c16550c06e1b5479a54001405f9d3c0dfb3f7c3bf167c5ab5d27c4de309b46f07e976ed24f1dadc0bdbc84493b3fd9d5e44fdcc802e240e25209079ce476137c56f107c48b48fc2363a946da3ae357b8b4bd88c89a0cff0023898c05bcb95df7a18fe6c2b42e581c2e7e71f1f6bf75a67c5ad5b4fd46ee2bd9e668d85c468515c8504903b1f989e38c838e315f574707468bf674972c6d6492b2492f7524b4491e7706c70f57346f30bbe65ef3e6bde4d5e3baefdff23ef2f087c43fd8ff00e06f8bf4c93c25f06ee3c497561993fb6f5bd6ef2f248a5429e5b24123344c78272aa9b76fbf1e63ff00052df821a0e8df12a0f10781749b5d13c39e2eb783c4b60238b11a24c997445c61424a1d0a803953ee6be646d7af34c388ae15d4807714fe78239fcabeb1d63e214dfb427fc131ff00b404336a1e20f82faea69b7be4619e5d2b510cf049efe5dd452a1f4330f5acea53861ab29bbbbe8dfa9fbec69e4196d4578b517eecb99ad2eae9a6bb3495fccf845ee2ebc0bacdc59de5c6a0b6335d35d5af910868371ce57682029193823a863ea6b7aef59bcb9836cb7198d8026440b1e7d4609dc7f2ad8d4ad4ea17ab69796fe5c824cbc720dbc60609c74e47e0722b42cfc091dcdacf32fef228b6ee8cb93c73d7d471d0e6ae9e0ead24e3846941bbeb7bddeaf6dcf1f0790e6389e6593544e949f5bad1ebad9d9a5d3f13dcff00e09cd6561e0cb0d43c657fe13b7f1959df5fff00626a3a74d73b19ac9443309a07dcad15c24bf3a48195c85210f515f79f8b7e0cfc19f1c43f0e759d064f165c69736bef14d05eebd2dcda848acee36da159248a55937120a4b3ab010e1189619fce7fd9064bc1f1cfc3fa1dbde358e9bac5fdb43a8137696b1340b284cbc8ea5155565620b02a1b69c1c60fd7dac7c10d62eb49f095df833c73a7dc78a35bbd47d3f42ba89c5bea11db5fc0970f7054aef58edee2ddc621042bdc818e33f33c5b93d0fecfaf88afcb7a7093e7693e5d2edebb2ee7e7f9d616ae5b9bc7055a6fdf6acf64ef6fbacceb34bd67c6fe1ff14dbdef87f56d62f756f066bdaa787ac83ca91ddc96800944665db233830470348b2bc8ad259c4721b713f45fc32fdbc7c5f27836eaf3c45e15d6238b489e1b6bcbc925b1b2895e6de63e5ee429c88d8f007d066be64f08fed61e2dff0082677c6ed32f3e297c39b3d5bfb52e750bdd366f0cde892deea7b992381942cc418f609d50066076c8bc31c93f6378ebe29eb8df087c49e37d121f06daebde238a46b682e60924d2ec6e62882428e136c920408c4c83633966215010a3e1bc1dc256abc3f2a98771953a952a3a728b52859bb2b256dda6ed7eb67a9e571455a584cc392b2bad1bb35aa7bd9ea8f9aff68dff0082fa787bf67ad76f349b8f046b97bae24598eda4bb89d096ced679118c7b0f07e4763db02be35f07d96adfb6378935cf8b7e3ed5adee3c61e369a175fb3cbfe876561bcc42d4a123cb581206da07ce498c83b8b31b3fb50e816bf0cfe276bdf173e2043a0eb1a86bd6910d3b48ba8fed4b1dc2840d2c687848c480f9632cc7731623383e05a37ed2371e20f086a977a859dbe9b0ccd23411da7ee99958b12b1a0395cb311bb803713cd7ee14b2f8e15fbcd49db5d2df72d6df7fccf029d6f6fad156d74d6f6b7dd7fb8fa13e2f7c4ff879a4eb9258f857c33235c5ad8c6925d58c05f32050bbb24ed320c9e5896e7d89ae17f643f1a5978c3fe0a27f04bc3b6774d69672f8d2cb50d61dd0796f15bbadcb419ea54ac241c75240ce2be69f187c55bcbc861b7b3dba4d8c7179496f6d70dbf9639dcfc12dd79073863cf26bdf3fe09069a7e95fb45f8afe20eb1e5b7fc201e18b8b9b469798e3bbba75b546fc217b800632491d715cd98e263470f39bd158edc3e11cea2a10bb9376d5ea7d35fb53f8f3fe13df8c7addec7233c22e1e28d89ce554e3fa5789ebadf6dbf6883663848698f627aaa7f263edb7fbd5d878ab5a5967babd689e34918cbe5630f9639d807f78e4003d48a87e137c1af10fc66f1be91e12f0e58b6a9e21f105c6c8e18ce103b65ddd9bf863450c598f44427b62bf9be552a57af2a8f57267f44d18d2c3616306f96308ddb7d1247df5ac68cd0fd9f50b785e6b8b02cde4c6b992e216c7991afab1c2b281d5a351d09a8eff00c0b6de30d52c7503756f75a6aecb88624859849900ab86f336907823e4e477a5bff885a3e8a8ff0069d4acd5a1197447f36451ee8996fd2bcbbc7df1d2ef53b2bed13c116b26a0d7c5b1707060b12c497cbe4a6c24ee0aa59b3b959554823f88f2fc1e32bc9469fbbfde968927beafb6e7af8a93bf7f25dcf99bfe0a27f0e2e3e3878cfc29e15f05c2baa49a6dec56be5210a7519e760a0bb8edb8824e40227c92bb49af33f157813c0ba97c2db6d363d6b50ff843b4dbafecf92f92336fa7ea377e69133a330e3cd65465627718d61538d981f42fc6df84d67a1fc2886c64bc91b5ed5659167bf0e7ce677520b86ce7e562181f5fa9ae4be287ed43a0eb5ff04baf00fc1c8ac6c3e1fea96211b57bdbf992f23bcc4a2477dbb4b2c9312ec4f5886d5cf395ff0040fc0dcc30b3c8161e8b7c9464d7335f15db6e4bba6f45d6dd0fc23c52c14a8e2215399a757b2beb1d6cb4edab27d2bf632bed57f637f1a7c46f87716aba9fc42d275db396e6c03c4c6eb43319dc2d91f01be40ed91b9984591b8d7c1363f0cbc45f143e31dde89e17d3f52d6356babc99a00922f9ae8096691a4caa280b8cb121413d7919fab348fdaacfc4ad393e1a7823517d3a1b592defe4bd9a51656ba95c436ed69189661895e1547dca8700bee20312b5e47f12574bf0b7c50bdbe87c5e63d3749b8787fb7b46b891a6bf441c410b4631e6320f2f048452a49255735fb0e2aa626342a54a493fe56d37babeabafa247c570d508569cfeb33e4b2bddbb3959f4d374bee3b0d3ff00e09efaf787b40b76f1a788b46b5bdbc3916f1ea1f664b6897e56779cdbc88cc4b29006df5c9e40fa27fe095fe11d3e3fdac3c51e09bbb958bc09f15bc3afe16865986c59676446b578f272c639618c061924b10496dd5f0fd87c69bcd1be15daf8ab52babaf13789f52d467b041aab0bbb4b048ca4b858d80c3b798c7764e37718e6bb7f879f10bc50de3bf0bfc48d7352d2fc3e1ae63bfd38c241b87304a192455cfca372e3ae4ede9822be770392666a52c4e638853938b5cb14d456a9e9abdadf79f4f5338a589b50a71697f3395dff0096fd8e53e36fc3ed67c0ff001b3c4516a11b597f605e4fa5dd472b14db2a31461cff0016e1d3ae4569e87ad4da5fcab1c7343705566563b485ee54fa8f43d71d477fa9bfe0e01f025bebfe3ff067c52f0dc70c3e10f8b5a2c5e2185a1042b5e32af9e1bd5c12ac7ddebe3bf036a0fe21d22d9941f3986c75ff006c707f3c57d66598855e959ef6fc51fa8785f8f71c554c1b6d735a4adf73474fe10bad6b4ff1de92be1cfb27f6a5fde259402ea411c4c657080162ca14ee2b824fde0b5f6afc1cfdb5a1fd9af42f0ae97a5db68baf6b93ea57b6de29b9b832bdf457536a32218606dd88d23548d9936947ca1047de3f0ceab6b269e248da4f2e788655d0f31375041fef0fd0d7d0df0a6df4bf8a1f06af2fbc03e1bd3e1f889e19bad235551ac5c4d797335f095bed0f0246ea1e327c9da8c8dbca60f3bb1f2fc7dc234788709f52af4fda43de9727338c672506a2a4d35b3775d39926d3b58d3c4ac1d3c163e39a5494b95a4ac92767cddda765dec8ef3fe0ab761adfed07f0ab43d5bc23acdbebd67e18bbb9b0bcfb034922ddc966d7c2e6e10e594ac6b691b33e738dad9c102b81fd94ff006bbf897f063c1da1fc25f186936afa2d910fa6c974f3c17f67947246155fcd8d2256c0daa460216e4573bf0c7f6c1f157c29f1df83b4df0bd8e970a6b02e6f2eef263035c5dea17cd70b34e925ca9823513a5c47b664751f39fe35c709f08a5f1369b27f645ed9ea96fac6ada743753eaf742406da1bc030aa30408caa200472c1481ce6b87c24e17c7641947f66626ce30a953977e6e5bfbb7b68afabd7a59696b1f89e77530b896e734f9e4a0d3d2de77ebe5a7dc4ff00b727ed050fc7ad524867b1b69ad74ab5315945e632bd82854666c8207981411b5c1c066380706be73d5b55175611b0cc61b07cb27e5555e074f623b0e95d27c35f85d26a5f13b57f0ddfdf5adbc36f1df5bc93c378b2c264449238cab827cc569760c8c92ac4e3838e07588e6d32e64824cab4794643d5483c83f957de4eb46539c7ed68d98c29ba342152deed9a5ebdfe770b9d4d95249036d6d879f419c1feb5f6d7ec51e008fe0dfc0af1443a825b8f156b9ac40b790328fb469d6f6f066156079562f3dce781929fec71f287ecf5a1e9b7bf15347bed7f4d9356f0de853c5abeb36aafb05d59c32233c25bf844cdb21ddfc2660792314ff1bfed1de2af12fc66d63c691ea925a6b1abdd4b733bdb0db1485dcbb008d9050939da41038f4af9ae22a32c560a786a72b49dad7dbcd3f91dd91e36387c6c3135a3cd18f45b9f5d78b35e1a4bcd77a85cdbda69fa5c66ee511c6d3c8c1433678c11b15771f94e0953d857ab7fc105fe304df163fe0aada1b2a4f069761a36aa96514a7f78dbadf2d23e38dcd80368e155401ce73f080fdadfc51e33d26e349b9b5d1c4174375ddcc76eeb2140413905caf3b40c6dc1048c0afb23fe0dc3b510ff00c14d741dc5559b44d51bcb031b7301f947d2be6786f86beaf46ae2b14973a4d46db5adabf5fc8fb1e20e248e361ec30adf272c9caeacef6d17a23c9bf659fdb3ed3e266b5168be2c24eb3bda388dd979e3775c878d43926361b482871b48233c607da5f0efc53e669ad66cdb64b16f2fea87943ff7c903eaad5c8ffc1c67f05f47d33fe0a29e0f9fc33a3e97a1eb5e29f0b4379a9de58592c773a9dc7db2ea312398c06926212340e4ee21546700623bbf066adfb237c4cd0fc05f10b5cd26e3c52ba25adede3c52046482742cb1dc0e156e217da8d8c8c4c1c60390bf8378b1e1bc295059ae5b0f75abca2becdbaa5d9f5f91f55c23c513c4c6385c63f7dabc5ff37469f9afc4a7a8e99aa7c75f14dede432456ba6d8178adde725637da09217d49c139ec057c03e36d73c3fa0fed47aacbe20d3f5693c2f06bcc358b5d32e5229ef222c3779658150ce158e4ff007b3c639fd32f87be1f8fc29e04b38e4beb6bbb3d3e7698801446212ae8ca0ff170ecfcf2480bd8578a7853e1d7c35d67e277883533a1784fc41a9ea1afcf6d7336b8a2e92cd5563611c36c415f98370e5793bb0c02b0afa0f0233dfad66589cb611b518538f224b649a5abd1b94af777eb738bc418ce183a78883719f377def1fc96c7c45abfc58d1f59f8d775a9d9e8b0697e13bcbe99e2d32793ce36f039658fcc7006e789082a400032e40e5b7745e2bf85b647c677171e204d43c35a64ce9069e20b7f32e750692440cc89c7eea352ee5db0095555c963b6f7c6cf825e1d6fda63c4d65e1b2b67e0bd0fecf3de4db898ed0b411bcd0a9cf5f30c802ff005238c552f8a9f176db51d26d61f38169cf9b1e990467fd1e268d3cbf3256e5015624471f386192a49afea2961dcaca32e54ad77fa7ccfc7b0f9dce14e5848c14949ddbeabcbf5b686743f10bc37aa0ba935bd224d4b43f0b3456f61a5c26380deb37989e6cc63017858c12131966c648acdf8c1e34bcbff0017e9f04d71e176b5d32054b3b7d0a7f3ad608ce0850ca319c6320743d403915cdf8f46a1a6d9c70de5bfd8d75799efd92389638e42a4c415768c6d42186d04ed24f7ae6a0335cdca2431c92c98242c71ee6200c9e00ec066b1acb93dd8bb456ebfe0931aaf9eed5e57dffaee7ebcfc31d217f6f2ff0082186bda2fcd75e28f80fa91d4acc85dd27f67cdb99d47b01e713ff5c56bf33fc19ac368baf5ce9f2335bc8a4cb13ff78679461c70339c8e9cd7de5ff06ddfed096de18fdaaaf3c07ac3432e87f11f4b9f479e0931b249305d011df761d31ff4d2be57ff0082907eccf7dfb267ed59e29f0cb2c8bfd83a9b7d8e460479b0e4344fc73f34654f1eb5e260f11ec311282daf73ecf2dcd2782c443194becd9fc9fc4bd53d7f03167b96b9899777ccc305b39ebde8f0578eed7e18fc45f07f88ee24bd863d1b5ab7bf6fb1c823ba8d1650a4c44f1bd776e01b83b483c135c4f833e2959ea3abc3637d6f67671ccdb126babc315bab609024603e504e06ec00339381935dc7c6afd9f758b0f81f1f8a2f218da6b2ba0d706ddfcf8a1b7984688a26426366f3792149dbe60cf5c0f6715c4183a15a951ab2b4a6d4527a6af6fc74f99f79c51c4d85ccf28abf569fb494959ab3f755d36ddd74b1edff00f050bb1d17c29e1dd124b1d356d754d043e90cc84a040449710498cee0c92412907a11339c9cd56d3fc57e36f89fa147e2292585f4793448aefed1752b4d770ce0a8902c43090287dceaa005c720f61e23f163f6819fe33f81b49d2f50d52eafb5486559ee2778bcbf399609537300482dca8c8c0e4f1c9aec7c23fb425ce87e03bcd32fe68e4b58c48a96d1c2c18a3460286624e4861c9c74380715f45878daa49a7a3b3fbd1f8254527429c77e5baf95ee785f83bc4b71a05dbdc432335cdec598c104ee90caae578c70d8c1fad63789209f57bd96efc97591981914f520f19fd083ff00d7ab8752fb15dc722aa46d0e1839fbc187208a75c78a9af049745f72ed11cc847de2475fa9ebf9d797888c398f4e8d6e7a3eca77b2feaff23d83c19a3dbfc38fd81359d4a48e3fedaf8b7e2b8bc2f6323a0f320d334a8a3bfd40a1ede6dcdd696b9183fe8ce3d6bcfedec2ded547976f0a2ae71851debbcf8dbe38d13c4de1df85be1df0dbcd268fe01f08c56d732302a2ef57bd99eff5198020120493242a48e52d93a8da6b839e658d7960abce49ec2b970aa294aac96b2fcba1b518da3a95ce9eb35dac16f0c2a1d819422e377a038fcebef5ff00837bac4d8ffc1523c3ab8eba16aa73ff006c2be2af07e9d35a2c7235bee9ae4991c91ca67a03db8e07e15f727fc102b69ff82a7f86d524ddb741d55981ed983a0fa669e2a36c1d47dd334a52bca4bfbb2fc8fb7bfe0a2be2cf057c28ff0082b47863c7de3a861bad3fe1efc23b8d7b4db591b0b73a947aa3c56c9ef969cb0f4299e8083f89ff00b4d7ed37e23f8f5f1d75df1c5f6ad7516bda95dc974925bca4481d89f941ec814edda38c71c0afd16ff83a0fc48de1efdabfc248bbbfd3bc0c96efb4e09537f74719ff0080d7e49d94cba7df4934d0adc2852416c8dac7ae39e7d3d2bc3c2e1633a719cd5d38dadf364e3314e9e1e1c97e6b6ff37b1f6e7eccdfb6ff0086f49f851a7dd789246935cb50d0cf6f05baafdad54e11d817dbe60e32c719e7031803cbe7fdbf356f869f127c69aa687e1fd361b5f1a496ad7537ccd3d8ec797984b6556574240765c8f2b7000938f9efc2dae4715e2dbb46d1798a376e6dc37f623d011818f6f7af56f82b0f856fbc6a6dfc716ba95df84e48c5dea51e9fff001f3e4dbb896574ff006d6d85c91ef8af9ee1ce06ca720c6d7cd32f83f6951eb77a28b926e314ac92bf7bbf33d4ccb3ec5e6983861f132f763f7b6babf3fb8f35f13eab7161f68d3acf549ee340d5a7178af3312d7009c9f31bef16e3e6c9e5873577c5fe20924f15cde24ba83499e5bd3e547044dba38f0806e2b9c96038009fe431cffc48d7b4af1078b2f66d034fb8d1f4032b7f67d84d706e1ed22cf0a5cf2c7be79e73cd7a6fec59fb0178fbf6f4d4bc69a7fc3fd43c1f0ea5e09b0b2d4a4b2d6afe6b397525b87b94c40e90c880ab5b807cc2833327cc0648faee24e24cbf22c1cf33cceaaa5420d734e5f0a6da8a6fb272695de8afae87c9d1c2cead454e8abb7d3abb1cbfc50f1ce81e26f0dd959dadac971a859c50436b72b9863b4b75dece9e564aee677cf07d4966639ae1748d6ef3c31acc1a869b7571a7df5a9df0dcdbcad14911c119565208e091c7626be92f057ec4bad69ff0e3c616de36f87ff12343d5fc0bad35bf886fa2d21a6b7d102dba4a1249213266131c8b379e14c214ab799b4e6bc43e2a3f86f56f8a1ad7fc22afa7ff00602deb456bf65bafb4c31a74e24cb1233939c9fcb159e5f8fcb731a52ab80c4d3aeb77cb38cedcc9349d9bb5e2d35b5d34d6963a2b3a8a69ca3cb6d36b6dd6e773fb26fc5ad77e13fc7ed0fc4b0dc5c26a9a2ea10df0924625cba386e49e7b57ea67fc1c63f00ec7e2ff00c3bf87bf1cfc3b079963e27d362b6bc78c6704c6258093ea519d3fed97b57e457c3cb5fecbd5d76b0937a860de86bf79ff0062986dff00e0a01ff047cd6bc01395bad6fc2b1bc568186e6575ccf6e7f1fde47f4af1f30e6a5554d7f5fd773ddc2cd3a69bd93b3f497f93d4fc01d2344d42d35193eca8dbb6ed61b14e47d08afbdbf655d5acff0068efd8ea6f02ebb3c6353b1866d32e16694493490c4e98609b837ca9243827b90466bc0fc6ff000be3f05f8b317111f323621936fbfafad615df89f57f85fe2c9f5ad13c4171e1f1a95a7d92e4248908b84c742581191c90400c093823273cfc49c3d2cdf0717424a3562d4a327dd79ff5a8b2dc62cbb152551734249a697f5aff0091e77e18f072e9937997adfbc8f729c1c06c1209cfbe29fe34f1cc6d6be4c2cd234801273ca0ed52685aa49e34d423d13c33a7ea9e2ed4e72d15ad968f61717f34bfbb690322448cceaa88cc4a82005e6b7bc5bfb0b7c4ff0008ebfa4d9c9e01f185c6a9af78721f135c432da0b316f0b49b0216b968d7cc48dedb7c6b974697e6009afa0c771765597ca9e1b1589846525d6496897c4eeee9369a57dfa1e7e1f28c66225c9420dbbec936f5e8925ab3c91f5232b60ab312302ad5a593358490b2c8a6e0ee0807cdc0207bf56fe54ba9685abf847c613e93aa6973e8fa85ba472b5bc862958ab9600ee4671d5586323a74e95eedfb23fc26b5d4753f17f8c3c44b1af87fe19f85753f145e89587fa44d14420b08d41fbccfa95cd8a6de854b7a56d0cc29d5a5f588494a36ba6b54fd1ecfe473d6c1d4c3d5950ac9c6a46ea49a69a7d534f54fc9eaba9c3eb17eba96a775343a4d9e8eb315616f6b23490a36c50e46e2586e60cd8c9c6ec0240a8fc3d72a9aedabde42ab6eb205397e8490037d01f5f5aa50ac89628eb26e5d80852b9e3be0e45437f22791fbcc5c34bc4685701ffcfa9e95b3a9c94f57a23aba58f67b4b1f20866dbce075fba2beb0ff00820bd94507fc153fc3aebf7a4d07556ce3afee3b57c63f0ebc43717be0fb59ae8abb2e632d9ff5814901bf1fe62beceff8208dc7dabfe0a89e1cd9cc6ba0eab9ff0067f723fc6b7c6568d4c1ca51eb1665854d5495ff00965f91d37fc1d489bbf6b3f01edceeff0084422031ff005fb7b5f987e17f83fabf8dae562b99974fb798a9824b8889798374da38c0239c9201ed9e2bfa5bfdbeff00e08eff000eff00e0a2bf13347f1578d3c41e33d2ef745d2d74a861d226b4481e359a5943b09ade43bf32b0e0818038ee7c52e7fe0d8ff8297e3f7fe3bf8b9361b70dd7da775c63fe7cfd38af232ecd3074e94635ef74ba2f3675d6950ab4211bda49767e67e1cf8f7f65eb0f0c7c336f1059f8cb449e38e7b7b47b795c47785e653bca2c6cebfbac6595995d5594e39e20f056b5a8f83b50bf8edf4d8b52bcbed1b51d2e290cbbb70b8b4960925450097711492155c0f9b07b57e82ffc1537fe0dc0f885f0c6cfc3d75fb3a5aebff11bc36b1cbfdb1a4dfea36516a56972c40f3e35db0472c6e811485cc8a63ce0ab1dbf3578dbfe08dbfb527c0df80da7fc40f107c2abdbad3fca7377a768f7497dade8b1a3b2892e6d62cb152143e6132ed5652e1086c4e2334c355acf92ea273d2e58e974ff0003e4fd2741fb4bb4d2eefb2c43a8eb21ecabee7f41cfa03f51ff00c113fe3fdcfc03ff008287f866d3ccb18b49f88f6773e14d45ae518ac0c636bab59570ca011716c919c83959dc0c31523eabff00824a7fc1213c33ff000530f84de22f1dfc4cd3fc7de0bfb3dfad8e9b7da67d9ed60f10901cdc4e52e20919a446d91b48a155983677c8246afa3fe267fc1b15e07f04f85c6bff0009fc5fe2e93e24787af6cf55f0fa788f51b4874992782e6294a5c3dbd8999637459177202416070d8c1f9be3fc0e078878731b925657f6f4e51575a2935eebbf94acd79ad4ac0d38d0c442bcaa6ceeec9fcff02c7c09fdafbc59e3ef859e0bf889e26f0e68ff000a7c6baaf86ae2f7c5fa56bd34cb6ba65969fab598967271e6c6c2c6e3509e157e434e8b21654cd792fed59ff04f6f851f185fe19f8bbc6ba345e03f06782350d7eeb598f4ab58ac6f35dd05ace5d4ad6de57b70268c40b68b16cc89102cb1a6d32061da789ffe0967fb627853c4975a8689ab7c19f11c971a95a4cf39d76ff4f32e9b1c47ccd37c87b29557f7b2ce44fe692f9576450044bc8cbff04abf8e3fb35f88b57baf127c69f827a569be3ebdd3eeec74fd7b59bff27439ec10a7d82d37c0a2ea07b65891e461115190637c6e7fe26cafc0de26ca7193c7e535161649c9ae49d9a8cd4a1c919395d7b38549284a4a5f0a7f158fb99e332ec538d18b751be9cadbbad6f64aef6bb4bf23e66f89bfb1e7c23f8c56d6fe26f0af80fe247eccda1f877468b5bd586a17516b2dae5a5e0274e96084cd7690b398dc17678c02c1195b2244fa5ff608fd852e3c05aa59e8ba0fc4cf8816971a77886db59f145de9be21d4b428fc65e1cbeb7b9fb043e4c32c4d6b341756d9dd108cbc692eef96728bd8fc2ffd82b52f86b676da96bff1cbf67bf8411e9364ba6e93a46816e9af68d7112dcdcc81ee45c9b1e2396defbcb48510a3a5cb348e14a2f25a57c01f8e1f0efc633eac3e3c7eca9711e99a8cd67ac34de2abab35d4151645b2b76892cd96c7c886091846ad28cacfcb659ebebf35e16f11aa65df52c0639d3493e4e6ace534da7a4a52729b6d395af56697342d670e63daf6392cf2f8d28e1e6eaa7ef4d42566aeb6565d74bdd5ff00955aeff2c2c6e21f8a5f0ae1d7757d4bc5975ac6a7612b5c6a373afddb4d73781f608991e63b8cae4f45c107a82411cc7c68f833a68d2fc54ba3e8b12c9acb6901638ed8cb369b0892613ba920b229085988eb8e4735f7b6a3ff0006f1f8cbe1e786a6b793f686f813696b656d0c2f36abaadcb38b87b4b49ee232de5aa840f2a3c6db4b086484900b1cd5d3bfe0801a8699e046b59bf6bef827fda96b66b198f733adcc12bac85a59da52fc24b850918cf9cadb80c29fdc9e071cab397b6ba4f452974bdfbf747eaf87e36e1aaf95d3a0f2e7cf2a4a329d3a167cfc9ece5aa82bdd5494aedb7a5dddd91e27ff0004deb38be27feddfe2ff00125ac3e3848fc23b659b51f0ef8d60f0ebd8d932476663f2e5b299ee249364bb516780e14f3935fa81ff000500f095dfc4ef8ebf10efbc27a6f8bb45d57c37656be0f5bdb8f1a4569a6ddc33c36f72cf6b6cba6ea2603bbc9124ade44c0a060554863f10fc3df86be20ff8262fed2b77fda9e30f09fc40b3d7b4ed33541a9785ade7b8b76b4b4bb911ede30ce0b313752b6ecec062756059369cff00117ed4d63ad49e20d42d3c13a4c3a96ada935dea9345fbb59eee692e83dc5cb47236c2a2d4f9ad28528648570c1d09fc438d2398e2333a986a3429b84634a319b8f3c972a5ccaee71b26dcf6d35bd95aeff37cc2a65b89ce279a4f1924e752a4e49c67077736d5928bb3db7d56dbdcf96fc5da5f89bc55fb4a78e750f154da44979fdad26984d882f6eaf6cc901092148f2328f9fdd27cdbbd6bbcf8b37b69e06fd877c51a7dacf1ff006c78ff00c55a5e931408df32d9da47717974187f75a6974c61cffcb1e7b57eb2fc2bff008363be19ff00c2bad264f127c46f88937896ea237bab4fa25f59ae9d2de4ce6699ad84b6af2793e63b6cdeccdb71924d7e7e7fc1613f614f127ecb5fb40f837e19f84fc0ff001135ef0569b1493e83e2096c0ea3378a750bcd8648fccb68550dc47b16111150e1204600ab035fd6b94bc3d0cb28e062ece318a7a596895edbe9a799f92e6559627195716ea3939c9bbbbdf56dddb76bbd7b2b9f185b2499b6d36cf6c974ea0727e58d40c6e63dbfcfb03b36de012fac18679964b2ed2c7956b83fc4bcfdd00e7b9c8e98afd81fd8c7fe0d89f0beb3f00341d73e2f7897c77a1fc45d6a1379aa699a2ddd92dae941c9315b1325bc85a444da2460fb77ee0b90031f575ff8362fe0aaaaaffc279f1730bd3fd3b4de3ff24ebd08e33073d6adeeb6dedff07e661fbb92d676f933f14e5296d69142aa238e301515470a07402becaff837d2e3ccff00829b6839c7fc80b530067fe9857dc8bff06c87c13c73e3af8b4dfef5f69dff00c875ea9fb197fc1113e197ec41f1e6cfe21f85fc4de3ed5358b1b4b8b34b7d56e6cded99664d8c488edd1b2074f9bea0d6d88ccf0f2a328c5bbb4d6c2a71a54f99f35f46b67d558fb3f60a36e28de3d451bc7a8af973944f2d4f6a3cb5fee8a52c07714a1b3400d2809cd2ec14b450055d4351b5d261f32ea686de3dc103cb2045dc7a0c93d4d79cfc71f819f0f7f696b3d3ec7c5d6a9ac47a3ca6fada28b569ed4c4cd91e61f22542dc2360b640dad8e41ae83e317c10f0efc78d1b4ed37c4b6725e5ae91aadaeb768127784c5776cfbe17ca91901bf84e41ee2bccf4eff82797c2df02682d0e8ba0df5ac7691cc628135abb8d25de922ca8ec5d8959524647ce72b8e322a674e335cb3574fb9d185c557c3d68d6c3cdc26b6945b4d7a35aa1affb077c139b549a6bcf0ae9fab3acde7b41aa6ab737f6d131fb6e14413ccd1a467edd7a7cb0a1374cc76e40222d5bf604f8192dbeb82fbc3362b67af5ecba8ea304bacddadb3dcc91ddc4f284f3c246db2e6ed46c0bb77311828a57e24f8493f83be3af823e23eb17bf0b3415d52fb4df0a5e3bdceb9aacd1ea575aadc224924cfe683218e4b876678886ce63720e4552d3fc37f0bfc6ff00b177c42f8adabfc25d3fed5e095b1b7d1ec4ebdabc71de5cdff95772992e649b648df6ad4ee1f2837235c5c16c7da1b7744b257f6a9c6e9a5d3776ff003b1f5f2a3c494dbbd79def183fde4b7959c57c5e69dfa33eeaf1efec4bf01bc6da95f5eebde17f0dc9a86aaaa2eaedb5092dee668d23b68157cc4955c46ab6b6ea1010aa572006762ca7f610f82b7d7c8abe1d8df50b3d90accbae5e7dbadbca5b658c0904fe6ab46b6b6db70415d8318dcd9f887c41aef812f3c45ae786f4df86de10b9d2356f17c8ce0ea9ab4374209f57b747b91231112b4f3e91673030318834770aeaacee64d5d3f5eb7d5b5cd23e234ff0efc003c69ac3dfea3725357d598e9da8dfea5a76897d6f2a89155a364bd8dda35df1b35ac72c6c4189d6a591bde74e3af7b6a3a7478928c2315889c56c97b492b5eda25cc924f4f5d0fb33e267ece3e11f107c16f0bf83747fecdb7f0b699e27d2b5db96b9bd377be1b3d4d3566df2cceef2096e614dc5d8e7cd3d4715ecf69a4e8faa2334767a6dc2ab323158e370a7f881c77f515f31fc3dff00827a7c19fda3be09f833c4bac783ee23bad6f46b3d57f77ad5e799035c5ac2ed1ef1202e8309c30c1689188c806bdfbe0cfc07f0c7c03d2f54b1f0ae9efa75aeb5aadc6b777199e4983dd4fb7cd71bd8ed076afcab851c9c649cf37b34b4b1f1b889d595493acdb95dddb776ddf56ddddddf7676315ba429b5542a8e8076a511aaf414ea29988d11a8ed4bb052d14009b052818a28cd00707fb427c51baf835f06f5ef12d9e9ebaa5d6936de6c56c4955762cab9623276ae4b36013b54e39af2ef805fb52f8c3c65f14ec7c35e22d2fc297835037416f34092ed7ec9f66406469639e3c142cd12861264199061be623d97c71f0ca3f1d5ed94d36abaf69e2cb77ee6c2f9a086e3383fbc4c10d823827a5715a47ec976da44174b1f8bfc7d1b5dc4b1bc96fad340e08cf20aa839e78cf42491826b8ead1ad2aca719da3d577ff873dac163b054f0352856a0a7525b4db69ad15ad6eceedf7d9e850fdaff00f689d47f67fd034fbcb1b58a4b7b8dcd3dc34264d803c48aa390173e6162c7380980a4b02bea5f0fbc491f8c3c21a6ea90cd15c437f6eb34734713c493291c3857f99430e403c807a9eb4ed7bc1f078942fda9a6da063cb47f90fe0475ed57344d27fb1ad042b24f328c9dd349bdfe99f4ae4c3e17170c754ad3a97a52494636f85adddefb3f4dfa9cf5b1185960a9d1853b548b6e52bfc49ecad6e9ebf22e514515eb9e685733f16344f117893c29f65f0aeb56be1fd58dc42e6f2e2c16fa3112c8a64431311bb7a02bc1079382a70c3a6acfd4f4ab8beba8a48b50bcb348f3ba389622b2e483cee463c608e08ea7da803e4ff087fc13b3c49e16d07c47a4ff00697c27974ff14269f6d7883e1f4317996b6621f2a0711ca8b260a39562a361285578c0e8bc39fb035e7873e1b6bda24375f0f23b8d6b6c84c3e0ab78ece496dec6286c249e0dfb247b7b88ccd9508acae23d8aa8b5f43ffc239780ff00c86f52fa6cb7f4c7fcf3fc690f876f36c43fb6b52fddbb331f2edff780e30a7f77d060e3183f31c93c634f6d3eefef3a1e3310f79cbbeef75b7dd65f723e59f0ff00fc1336eec7c61737f79a87c33fb12ea169a8d95bd87c3db3864b79605b85f31a491a4667dd2c5229e363238c30739b43fe09d9aa58fc3b97c2b6775f0ba2d0d51edede1ff841205db6ec4cad1940fe5ee37496771bf6ed0f66a366d63b7e9b5f0ddea95ff89e6a876904e63b7f9b9ce3fd5fe14a7c3d7be6b37f6d6a5ecbb2df68e73ff3cf3edd68f6d53f99fde54b1d8897c5525f7b30fe04f8275ef86ff0f6d745f106a9a2ead7162e61b5934bd27fb2ede0b41c4302c224703cb4c20208c851c039aed2a8e9da65c5948cd2df5cddab0c0595631b79ebf2a29fceaf56672fa8514514006698274fef7ff5a9ce0943b786c707d2bca3c53fb356a9e27f146b1a82fc4cf889a6dbeacc4a58d9ea1147069c0aaafee3f77b97ee93f31603cc6c00db19403d51e71f2ed3d4e39af01fd86bf6b6f12fed9be09d3fc6f71e0bbef06f8575bd37edba7db6a16f2add92d332a798f208c31312efc451b20dc312b719f51f861f0aee3e1cade7da3c4de27f13497896ea64d66f1673118a208c502a22a9958348fb540dcf850aa15179af813fb2ddafc0ad767beb5d6afb52f3ed05a795343146a8a190861b00e70807bfe1401fffd9);
INSERT INTO `pelicula` (`idpelicula`, `nombre`, `imagen`) VALUES
(4, 'Minions: Nace un Villano', 0xffd8ffe000104a46494600010101007800780000ffe100224578696600004d4d002a00000008000101120003000000010001000000000000ffdb0043000201010201010202020202020202030503030303030604040305070607070706070708090b0908080a0807070a0d0a0a0b0c0c0c0c07090e0f0d0c0e0b0c0c0cffdb004301020202030303060303060c0807080c0c0c0c0c0c0c0c0c0c0c0c0c0c0c0c0c0c0c0c0c0c0c0c0c0c0c0c0c0c0c0c0c0c0c0c0c0c0c0c0c0c0c0c0c0c0c0c0c0cffc000110800f000a003012200021101031101ffc4001f0000010501010101010100000000000000000102030405060708090a0bffc400b5100002010303020403050504040000017d01020300041105122131410613516107227114328191a1082342b1c11552d1f02433627282090a161718191a25262728292a3435363738393a434445464748494a535455565758595a636465666768696a737475767778797a838485868788898a92939495969798999aa2a3a4a5a6a7a8a9aab2b3b4b5b6b7b8b9bac2c3c4c5c6c7c8c9cad2d3d4d5d6d7d8d9dae1e2e3e4e5e6e7e8e9eaf1f2f3f4f5f6f7f8f9faffc4001f0100030101010101010101010000000000000102030405060708090a0bffc400b51100020102040403040705040400010277000102031104052131061241510761711322328108144291a1b1c109233352f0156272d10a162434e125f11718191a262728292a35363738393a434445464748494a535455565758595a636465666768696a737475767778797a82838485868788898a92939495969798999aa2a3a4a5a6a7a8a9aab2b3b4b5b6b7b8b9bac2c3c4c5c6c7c8c9cad2d3d4d5d6d7d8d9dae2e3e4e5e6e7e8e9eaf2f3f4f5f6f7f8f9faffda000c03010002110311003f00f42f8b9e298fc4be22fb47de1bb1b78fbbd3155ae7e1e5d5de826fad95a6fb2aabb103fd6c2df764ff00809051876e3d2b9a95dae24f98ee63eb5f467ecc2bf69f07c96f781596de4210b74d8ff797e99e7f1afe17cdb10f2cc1c274f68bdbba3fd0accf112cb7070a94f68b57f3478ffc27d1246f1b5999612f0c8fe54d191c3a302ae0ff00c049af7bf03fc18b5f08eb337964c90cc3e4dcbc019c839f5e2b674cf869a6d95fc9716b6f123ab10dfec3771fe7dab5b53f10c5e1ed5adadee0ed8ef14889b3d2451f77f1033ff0135f0f9b67d57193e5c3dd5d6abb9f179b6793c64ed87beab55deda924f770d85dad9cc42f9d6e4c47b9dbc363e9953f8d62bf8d6d75df025e33b28658e5b7b8c9e8cbb9581fc41fcebcefe3d7c4f6b196dd2ce42b7fa6dd0915877465208fc77107dc578fb78def84b7b2248c21bc9373a83c6e20ff003c1fc8d6f95f0cd4af45569bb6cffaf546f96f0cd4c4528d59697d57debf34d1d86b5f1beeb54f0069b6fe632ea1a74c9b9cbffac29f74fe7cd7a4fc0af8cb1f8bf50d52d6e8aab4922dcc409fe12a0301f4619fc6be766d127b9d22defd55bca9a6681d80fbaeb83cfe0c0fe15b5aae8da87c3bd6a7ba459216b79a3208e0ed914b8fa74c7e35f538ec97075a8ba10b2936daf5babafc57de8fa5c664b83ad45d0a76526db5eb75a7de7d6dfda7677b7e6c772ee923dea09f7c7f85496fa45b6992f9a428c73d6be58d3be3aea11f8b6c751925693ece8d1b03fc4a7afea2bb7f147ed26b3e812adba6d999080dbf7638ed5f1f5b857174e71841e92dff0027f91f275f85f174a51843552dff00af4b3f99ec7e1ef12daea3e1dd3ee7cc51f6a891b9f75cd67d9f8d2daffe25de69aaca56d2c233c7f79dcf1f92afe62be6ad2be2e6a5a36976368b3c8a962e700718c023fa9a6f86fe245f681e286d61d9bccbe56c96e772a903f983f957a1fea7d54aa49cba3b7adeebf0477ae11a9153937d1dbd6f75f8267d6cd69697831fbbdb1b62b9fbdf1c595a78da0d1e365ff4681ee25c9c6de005ff00d0f3ff0001af1dd2ff006929ad34497cc557b8677619f724f4af37bdf185fdfea9757924cff68d454966cf41cff406b1c0f08d694e51c43b2d52f530c1f0a579ca7ed5d92d17a9f5b699e2cb4d43c2efaab32b4733b3c2187de05b6c63f1f97f3a4f1878663d7b4bfde6d768d0ed24721f1806be6ab2f8c17834ed274f8d8ac162eadb48eacbf707b80707f0afa57c0de28b5f11e9598dc49182224e0e5c8e0febc579f9a64b5f012559756ede9d3f03cfcd32aad806ab2daeede8b63c16dff674bed5bc44b0c8be4c2cff003cbfc217b91eb5ca78ff00c352278aee63b585c5b42fe4c231d113e55cfbe07e75f5b2885b56bab1556492d531700ae1919b80a7d08c1241e471eb589ab785b4cd1245bcbab78249e490242bb7e69a43f7573fd7b004f6af4b0bc555a356d888bdac979fa1e860f8aaaa9deaabe964bf1bfdc7825bfc259fc19f0e2e357be8c8bed4408608f3f34319cee3fef374f65cd705e1ed55b44d456656c6dee2bea3f8eba3c97de099218d3cd90a0c10bce3f8881ee09fc2be7bd1be13df6a2d717132c90e9d66be64d263923b2aff00b4dd07a6735f4191e711c4d09d5c53b5deddbb247d164d9a431142a55c4c92bbdbf2491ecde20fd996c67bdfb55a379633fbc4099e7d7d89f4e99aedbc01e0b8fc2ba77d9d558aedf98b7f167ad3fe21ebd3782f4a5d4a30645830254cf32271c0ff00687504f07a1eb9195a1fc77d17c4162d247730c7228f995ced3f51f5f4af84a95f31c561afaca2b4eff79f0f52b63f15874dde514ec72de24f8c927c2ff885258de798d6cc0248dbb3bd3fe594a3fda1f3237ae01ed5bcde28d37e337847c61a369f159df788a4d17ed1a124c63591eee3b9818880b91897c9f340c10482c06726bc53e3df89adfc57e2e8a58e40ab1e221274c0cfde3f8fe95caf883c177da6db4124d031b7bac800ae76b2fde4fc320fbab29ef5fa2e4396e130f5a8636ac573d9dd3b6b74d3eeaf6775e763e9970ed0af87a7272f6757477f38b525a5d5d3b59ababababadd7d41f153c27f0e6efe1aea5a7eb51695a6eab26aba4e85fdbba5f972be8b783448e59e49047febe0fb4ab89b69ce5d9865d4039fe39f837a5f82bf6ad9a6b7d0fc3dab78622b7d3ee059dbc71cba6de14b680cca001b0f98c25c363ac9bbad7997c2ff0082e3c61e1ed3f525558eeb4f97c9946ce248860a76ea395fa28af7ad0746b3f06e99676aaab05bef6487fd82416007e46bb789bc4082a6a860e8c6351493bab69cb7d36575aa7b2d17c8f95af85797c9d18626552f19c2517a2bcb91734756d5b9134aed6bb27772eafc3ffb3df827e1f787f57f07dbdbe97af42fa76adae25fcd12c9246d2c2ff618c330c878a154638fe390e2b73e3cfecd563e36d1be2559d9681631cd31d3ce90f0c710f2e342e5cc5cf0bcf38af1af1c78da1b3f877a86a16a634bcb13b980e8b345272bf8907f06af37d73f6918e2f13b5d5bc64dadc59a481081b964460d8fe62b928f1356c73a93fa9a5ef371e56a3cbee4a1caaf095f4973dfaca3e678b83e17cdb115963295793927af326ef2528cdbf89257b5bd343d222fd91f43b5fd9be4d09bfb166f8870db2f8a8cc199af4a6eff008f1cecd9e5fd97126d0e5bcd3f77b99fc79f063e1af883c75f1826d1ed74ed25747864d35f44f2d646b5906a16aaba869c7180ad009959060c6e70328e31b506ada5df698b7c8f0bdbdc85c30ee18f1fceabda7c35d2ec3515b95b7b6564e54840b8c67a7a56d4bc56a74e8fb3ab818a6972aefa46714f6def24e5b2925b234be35d5955ad89a8a577256eee509356bfc2b95a8ab7bb7d2eb471fc5bf80366d63f1123bcf06f81f47f0ad9dab3f83b56d28a7f695edc891040a64591a4b8f310b197cd5f909c8db81593e15fd9eaceeff67dd4b4b6d2348b6d63ec334a3c497b6b6f791daed82475b66579165b76791c18e684316930a410b83d169371a7ea7656f7588b3791ac99ee4103bd55f0b6a767e37d316fced6d9752c71e7b05919463eb815c35bc48ab53171c64b0c9420a49c6eb573be97e45651bb51b2bdb79053fafd3c2fb1f6ad28ca2ef66f58a4968e4eee4d5e577cadbbf2f7934cfd9e3c3979f1e3c5ba87fc23fe156f06ebd7de1e5f0d031dbc96f2a35e5935d2c5183941e4a5c0946060310df7aba1f8b5fb3cf86e2f166a5a9786fc2fe15bed461f0e4d6fa1432db436da76ad7c2ec82ad6c1845e6410064547c09586482315c96ac9a4fc3db56badb6f1dc5ec8b6e840542cee71c9fc73cd684f7765a8c7a8b491af93a7c82270072cf8195fc5982fe15ed53f112b62da587c0ae46db7272eb773959f2349a5f0e97565bd9a97156a38ef690aff005895a29455d3b34a3186ab995efcab9b5b3bcac936ad3687f037c1fa478d963d5f4df08dcdedcdd7858dcda0d122b15b47975264b88cc2279a2467842798b1108030ca8c915268d7ba0f857c6be1fd6b4d9bc3b1785743d067d76ef598ad974cd3f55bd5b864b7b536d0f98d03a4af0c72614b15467db8c13c1fc78f85f1f8b74579a3877dd4486245da318246fc0ee71c5789defc15bbd03c2f75aadddb9594b2c16ea572c49fbcff0082e40f7615edd3e33c1d7a10a38bc242135252e5ba777cdcd1d6d7697daeba38dd5da3dbcb787e38e87b5af8d95e5ee72b8f471e5764a4ade57ba5bb52924cf75f885e3ad17e157c43d5ee2c7508f52d17c4e46bfa6dd4121915e1b819f2f2c030f2d83478600e10640e95e7da1fc61baf893f176c599592ced72b6b09eecc3059bf4fa0cfad703f0f3e165d7895eeaf2e2dde3d374e4334ec46d12900e101f738c9ea067dab37c2de256f0b78b7eddff2da372c001800e7a63fa57ca66180c1e231789c4e1e2b9e57d37516fa2fc5fe07dd60720c3d0a32a0a5ed2a462a3cdf2b2bf9b495eddcfb1f5186de6b0f36e24558e35dece4f41deb3b5882dacfc3f2bf92310c665f2481c9fe1dc3d7dabc1d7f682d43c4daf58c0b02b431c8a62b70702e652709b8ff00754e1bea335f40695a333f86e38e6904f7120df3484637bf7e3d3b01d8015f9ae3f2dad8050f6ef7e9f33e3b1997d6c0727b77bf44788f8ffe3c2cf6b75a7fcb756174b8866230d8239523d7fcfb5792e8ba75c6ad7924763bcdc2e5d117ef4abd481efe9ebcfb66cf8a3cad5bc5773e4edb7371293b5f854724f07d01f5aee7e16fc26d52df59b3d4e1565fb2cc16e2097e568883ce47a7a1afd229470f97e15f2e8dad9f567e890861b2ec2fbba36af67d59e7b6fa1de6a5abc76b32ba4923052cc8ccab9e738504e3e80d7d3de02d06ceff00e1c5bd8ea914771241082f9db22ca8bc09118121801819ce780081c56c6afe07d0f54b8b696eed618ee187c8f8c163d48e31c8e4e3b75a2c2f4fc32967bbbe824bbd3e45db25cdbc8d712db1cf3234646f65c60120bb8031f7471cb83cc32dcf12c1e267ec677f7657d2fe5b7e3a7e9f05c41c4557154e0e8c2dcbad96f7db465bb0d32dfc31e1e9db4f116225df1aa7dd7c72067dfa67fdaaf32f8dbf1b2cef7c271ff66cff0035da09e2753830488cac011ebdbf035a5f1a3e31e97a6781ec2f3c212e9f79a0ab1b59ae6ca4125bdbbca408903740ccdbc05eb9e315f3cc3a6dc6b9034d1a978567092639f28b64838f43f37e2b575b82d6031ee588778ae5e56fed68b99fa731d7c2981a78d8bc7577b49e97d579497476d752d6a5e2ed4af93506792411de49995771c6f20f3f8e2b4f4ef84d7dac4b20822664b8d37edd6defd095fa860c2bd67c03fb3d5bdd786376a31b472dd5a886e1703e59237ca3e7d4a803f3aef1ae347f861e1ff2ef2e2d6ca3d274f96e4cf7322c71c50a677b3b1e028c8249c019af3f19c4d0a72f63828de57b592f4b7f97a1ece61c4d4a85e1855aadfb592dff00ae87ccf7fe2fd67c2105d682d34d1c71b8daa73c03865fe95d8cbfb51df49e1c689a31f6af2f6f9983d71d71eb5f267ed8ff00f0555d0fc67f14ac745f83be0fbaf176b734ab6d15dcf0c856fe407e54b7b54fde49c03f3395e39d87ad7aa7c01fd92bf686f19dfd8dd78eb52f863e1dd4b588cdf47e159259bedb15b0650eccd0c720420b85fbce37606739afd1f0be1ee371983862f1b455293d7964ed2bfa24edf3b35d523e56a7889c3d5e5184e9ca724f5708de29f5d5b575e973ac83e2c6b5a569f158a5cccbf638de000374e467f955ff000afc59d4be1fc1fd9618f976b73975233c86391ebd6baff15f83bc23e1cbd9356bc93518d64d48c7169ef6322dd5ccabff002c638c8064627ba020f507156bc67fb37dcf896eeef54b78dece4d4a559c5bca577c1bf259495257209ec4d7c8e3e387c328c31f4bd9c65d2564db5d96ed2beeb4bf53eba8e7d93e27dc4972bd5bb75ff3dce07c7bf14f56f88b750cdf32c3672288a35c80646e9f8f15f4f7837e2568be1bf859a3eafaf3c7a4dc6a1690cb219c157bd2a8103a0c7cd903a8af95ff006efd574ffd933f642924b7b887fe128d5aebec760c58abf9ce84bc83009fddc65b1e8ce9eb5e33fb0c7c13f1368bfb23d9f89b52bcd45b4fd72fa7bad36c24958c161021f2da544248469e4073b7ef08d0f35f71c2ff0056c26453cef48c1d454e945af8e5af335d95afaf549a3f3fceb36c166f9de1b8770b1e5515294e69db957456eb7767af75f2fd0ad1fc7ba3f89b447d514ac364caccbbcfdc8d7b9f4e39c0e00f7ab0d6567e28d0219ae1635b7917cc0af80114f201cfb633ef9af8fe3d6f508f443099645b356546504ed76393b4f6e80d74be24f8cbadf88bc26d66b234360c45bcac3acc71cae7bfcbd7ea3d6bf2dcd3877158cc53c4ba9aca5e8a2ba24ba7a1f5ef82e749a8e1e7657defb2fd59f44db25aeb1f0fee0e9b0c71dadc2b0b701701c6085623dcf3f4c7bd783db7ecf3aa48d7577716eed043f7210df3dcb9e8bec3b93d8035eb5f0dbe23697a07c34b16bcb88d99630863041776e8100ea49fe793eb5d36a178faff0082ee5edd6359248da25910fcaae410c14f70a7e5cfa8af9ec2e3b1597d59d38ab4652b5d9e7e1b1d8ac0549c20aca52b5d9f28e997d1f86fc5cafe624cd6b21df281f2b38ea57fd907a57d2bf0bfe26c7e2eb3fb449b61854ed58f7727fdafa7a57cd5e34f055d784efbcbb84db237cc531f7076cfb9f4aab0eafa8e95a62913496d1cbc4673b4b81d71ec3a67d78ea0e3ed733caa8e6546328cb5e8ff0033ecf33cae96654a328cb5e8ff003217b85d5f58dcfbbf78dc95afacbe1697d27c076725c9fb4793080654c9df1638cf73b4707bd795f86ff65bba8eea29a69be4e0ba632e87d3d0fd735ee1a669bff08ef8745bc5b50c6bb501e831c73fe7bd7cd71466986c4421470f2bd99f3bc4d99e1b130852a0ef63cdfe36fc4ab0d47c3775631dd2c1a842167b668dbe57e432b2b722bc85fe37f881bc3ff65b89de5818141263071fdd27af154fe2142356f1fdd5bd9a989a499bcbb72d80ac4f2aa7a727a763fa57a67c08f8412426e23d62ce3bad37508c32190728e38c107904722bd7861f0597e094ab2e6bd9a4f7f3b1ea53c3e0b2fc129d55ccf4767bf9dbd373e25fdb03f65df891fb436910ea9f0ef54d4afaf7c3fbefee3c2ff692906ac501c4d02f00dda82c0063f3838186386f53ff0082477ed7fa1fc73b3bef0cf882516fe368602160b91e5b6a6b1925d406008b98c8f990f27048fbafb7ecff00017c2ed0fc237925c69e4704a90cdb9d3d54fd2bf2cffe0ab5f072fbf67bfda89be2f781fced361b8bf8ae3589ac8f96d677bc18af001c2f99f7243ddc063feb189fd1786f88b0fc5f427c298ef73dd4e854da5197f24bbc65b25a377d35e56bf1be2c8d7c263ebf1064717c9249d7a7d24bf9d2e8d757d15ded73f4ebe2afc53b1f06e8d6925bca934538c1446ff5b0ba952df810a7f3afcb4ff82b47ededa87c47d5f4cf87f6770a9169300fed578dbfe3ee62548563fdd1b412bd3701e82bdaff0065dfda77fe1acf4cb687cc8ffe123b53bee6c0676c85883e6443fe79b3120a8fba78e8549f8d3e2aff00c12c7e36f8aadf4df1b5c47a5df5c78e2f9af25d321b97fb66936d2bb149ee4b288d576e090aec53728201c81edf86fc0784c9b32a8f35b7b7a36b5fbcae94977565a3f3f239f8d730862325c32c8dbaaabf339496ea31b2717d9ddfbcbcac7de5ff000440fd98b48f875f059be256ad6f1ffc255e302f169f3baee9ad6d070ab1775f3181662319509c8c73f7549f08b49d3bc75a16b1a3eadae787dec6de68f56b333a3d9ebc6464659660541f3e3642aaeadf72470ca4ed65f01f84ba8d9fc3cd2741d26d5a186d746b48ad218e3e15151028c7b715f45e89f13ed2eb4fdbbd77b0ce0f7afbe9e63ed6a4a72b6bdd5f4f2ec7ceff0065fb1a34e104f4decdabbf96ff00339cd23f66af0b5af89353d4e3bad76ff5cd5ada4b46bdb96321b4460c0f919511c7c31ced1ce4e79c934be21fc5ab7f84daf4fa6ea5b9fc9b68e7b69027fc7c825871f42b83ee2a4f137c65b5d01bed1737d6f6d0ee0a1e59422f2401c9c0c9240fc457caff00b74fed6da6eb5e1dd435ed1e3babd93c3fa6adbd9ce90168e6b99a7b88b730eaa914903825c0c9000077027e378978268f10422e9d16ea45ab35a68da5af95dfdd73decb73ac260b10bfb5ea5a934df9a695d5bd6d63e53fdb4be2beb1fb5bfed67a3f85bed864b0d36e0da491c672b0b48e1ae1c0c6dcaaa853cf2b12f7ebfa95f0d345d175ef839a468b670c30e9ba7d841631c21b2b1471a055527d42807279afce6ff82657eca5a9f8ff0045f147c48bd8e468ac51ac74e2e7735cdcbed32b0f658d8027d641e86be8ad13c7bad787341bbd3eda79e1b3670b311db771807b1201e9d857cdf8a586c3d5787e1dcaa6a31c0a49db6e792bc9faa5bf9b3d8f0e72379b61b119f3b42b57ab74bf969ad2315e49b7eb65d8f79f18fc04d27c41a0e9f1dbc8b6563681a6320fe20d8258fbe00fc2b89fda2fe1dc1e19d0343b1d2ed64f26dd1b80b962cdb4966ff68ff4fa5676a9f1f356f165d68766cab67a6fda519f03fd70461d7fd90474ee41f4af7183c6ba3eb9aec1676f2437974aa09da776c27ee8fa9e4fb0524f519fc7672cc72e953ab5db9a5ccedd3d59f7ce798e0274e75db9a5ccedd3d5fde7ca3ab687a8787aeade3be69a091485c138f2d88e547b852327b12075afaa7e15f8a34dd57c376b6766d1b43690a230fee103a73debc5bf69bf09de9f15c9a89529631aac50fb9e49000ee4e493eff4ae27c3fe39d73c1ba57fa1cd25ac770762305e643df03be33d6bddc6e07fb63054ea42494b7f2d4f73198379be0a9ce324a5bdba6a7d49acfc3dd17c4dac335c431dddc42373aff77b8dc7fa7a5795fc72f8791e8ec6fada16bcd4af088e0544cc766800c6d503ae3a761d79a77c10f8a0b7a8d1ea97496ba7dafcefbdb325eca7a976ee3d87278ec315ebdfdaf6fae68f25f5ac5e646ca7cb9187121e9951fddf7e9e9eb5f292a98bcb31294db925a765e87cc4a78bcb71094db6969e5e9739af8b7f12752f854b1de7d97ed567236d3e833ebff3cdbd0f2a7fd935e69aff00ed57757d13450c0cb1c8084673f3afb1ec71ebff00eba9ff0068b9f5af0c4bf6192fbedda3de93e579e079909feeb30c640cf04d73bf053c290eabaf7f676bda5cad6b76998e6da429e3ae7a1f66520fae4715ee65b96e0a18158baf0527dd3b5fe4faa3d9cb72fc1d3c0ac6578a93df47baf47d51c658b49e21f14a4932bc9e648376d3f30fa7bfd6beb4d5bc42de06f04477b37ef9218c7992907a8c00cc3d0f42474e0f23358ba6fc37f097842fa246f2e3ba4388da5237b1ebb7278dde9d091ea2b37e3c7c45d257c05716b677d0c933831aaa3e4fb861d71d883cd706638d8e6b5e8d2a54df25edb69638732c64734af469d2a6d453d74e8791f89be2d5f788bc7ff6cd0a7b9b19af804680bfcaf20e31e8738007e155fc23e0493e25f8fa6d1fc5da40d534dd5e292d354b4bc8b293c4ea430607d73d7deb6bf673f87161e3e9ae24bb1245259bab46ea70a4e7820f6231820f5047a73ec7e3cf8b1a5fc36d5ecbfb4225b886e818c5c42b9685d7a861d71dfdabd8c7664b0b59e0b014ef349abad1aed66bf03d2ccb194e93965d86a3ccdc5c5e9ad9e9f3d0fc58fda0fe1378c3fe0945fb6359c3a1ead7474b13bea3e12d6dbe63756fb806b79c70ad24618472a7465915b812015e95e35ff828878cbe2d36ad6d61e21d53c2da2eb56aea9a4c7748d67657328018acdb04e2d836f610ee380426e2a315f507edbffb3e5afedf5a7788349d32369352b746d534561feb12ea38c82141ed20f9580e4ee07a806bf26b44d4a54b311b9923653b58118da57b71c8c1edc1e6bfadbc3accf0dc4381857cc611962e8c5466fab4f58b6b6d5a7a5aca577d4fe51e3bc8f1dc2f8b5430b55c69565ce9276b778b5e4f67d55bb1f7cda7c5cbed5f46f1b5a7867c5b71abeab6ab6f6de188ade1325f5f3471eeb89522da4baf53961d11880a057b26afa8f8bb53f1effc23b65e28d4235f11782ddac96295a16b5d4d09079037890820e38c00702be0efd8bfc22de36f8d76d6d1f86dbc5df67b2b9b86b04d43ec3c050a24f3323ee971c77247a57bcfed59f0cd747f815aa5c5e7c39f117872dd24b506ecf8a7ed70c0c2e102830897279e842e54e0e40cd7dfcb29c24669429c7a745fe47c2ff6be3a70f7eacbef6761037fc2ccb7d3eeb54d5e1b3b5f18681ff08e6a1757f7473a46bd664c91194939462ca589201ca9278acdfda6f508b54f84179a6dc8934bd5b56921965b3da639235b82975336dc8df08992668e54dc8cb76cbc101abe669bf682f1a59ea5f6f83c557ed7d0da7d9229b6f9327d99dbf7b1b3aa92dfc27e7cf5ea2b67c21e259ae9d7ccba92ed5516059667dccc8a36a0e492303a0ec38af429e0f924add36563cfa989734eed9fa71fb026b76df0cbe16e87e07bb658e3b1b05cbb1e2591d9e5958e7bee703e8a2bd63c47e08f08f883c291cdfb98f4f375b90c585377213b063d738207b1af2c8fe1337c53f08e87e2ef0f811e9bab68d0dd1854e1c48220a6251fef2907df3589e21d035cf86b6fe1b9f566999ccc6686cf7122154200040e37124fd063debfcffcdb0b1c6e6957154eb38d694a5cd1ebcd777fc6fbec7f70e5396602a61e84b2badc8b9229457947f3b6ef63bff8d3f02ef75df14d8268b6b1db69f656823254e1630b93851dc9edea4d719f037c656be01f88370d70de748c4dba306caa92464e7fbbc72ddfd315ec1f073e2a5e7c5d7d51ae123b38610208903e59b20fff005f27bfca3b12780f18fecbd7d6dabdc5c587fc7ac6b94507f7d331ec0f419f53c01eb5e7e0719684f2ccce4a36565d6f7bbd59e9e0f19684f2dcca4a36492ebbebabee7b0dfeabe1ff0018ceb6b3496f7c63412cc32ad1c2bd998f6cf381d4e3dab8bf8c9f075f5eb757d12ce3fb548ab1f98c36adb42070a83f8739e4f5e4f4c9af11f0b788e7f00789da468fedcb6729668d49f29e41c0e7f8b07a13dc6457d49e1ab8bcf1878311efe78a3b9be8b732447e58548fd4f3c9af3b1d83ab9455a7568cef0feba23cdc6e0eae555215e94ef1e97ff24cf9360b5b7d0bc4d1dbdc5c2dd436b28f3990feed883c81ea3b67a57d35e08f8d5a5ebb0dbdadba969e41b62b4500be3d4f655ff38ed5e3ff0019fe0ed97c3cb7fb67da5a4f38e218579673eae7a63d87e75bdfb23f86e1fb4dd6a13326f042a281ce0e7bfe1d3bf7cd7b79dfd531b8058b6dbe5dba5db3d9ce7eab8cc0fd71b6f976e976ce37e33f89b56d53c4b369da85c5bdd2c2fb2395408c3fe04e01fc71f415e85fb2f5a6b5a38b8b1beb79e3d3dfe7844a9958d89ea99ec7ae0706bcc7c33f0d753f8ab75249677fa7dd4cbf3488f2f97228f75233f8e08f7afa43e14783ef3c19e108ec2eae1b746b952ad9f2fbf1d78fc3158f10626850c0ac1c5ae6d2e927a79a33cfb134686056120e3cda5d5b6f35d8f33fdaa7c4321f2b4fbfd2cc5788775adec0e5a39947f09ee31e8738ea0d71ff000cfe0c7fc2d6d324bab7d4bca92ddc2dc43202587fb40f4fe60ffb3d2ac7ed03e2bd4f5ef152e95712da4bf667fdcca9fbbdd9f5c9c06edd40af58f82567aa597802492fb4980ea51a907781135da638dcd8c16c7f110738e4f7a72c455cbf29a6e9b4a6edd7f4903af5301955374da526d7f5aff48bdf097e165bfc26d22e91af22b8fb42ef76e3691823a7e35e136de1abaf8a1f14afac6cee955927696313485d70a78e7b81d3d718f4a2f67baf1bfc439b4f86fb55d1ed6f2e59235b82ceb6d29e0a1c1eff005e7d78af57f839f0423f855e209b50bed5ad2698a18dd037084fae7af4e0e075359f3bcb554c4d7a9cd5aa4538ab7f95d13ccf2f553115aa7356a914d2b7f95d7dc68e87e06f097c26f18477626fecad4a7b72f1c4d2fc83b318c9f4f4afc39fdb37e1e0f845fb5c78bad6109fd9fab5ecbaa5984185f2a672e028f456257fe022bf5e2dfc3d75f1afe2fdf5ab5e7da74ed3ee19fca9a4241889c36c6f5c639f5c66be23ff0082e07c14d17e1f6abe06d6345bc6b8995aef48d4fcc3fbd80a94960ddeaac2594823fbb5fadf82d997f67e7eb095aa39d4af0b3d1bb38a728ebf7a5ea7e51e2de4f09e49edeacdcebc1c1edb45dd34fef4fd51e0bfb1c49a5c9f152f16fb43f14789213a2dc94b6d018c5708e25b70198874f97058632465857ac7ed41a2693a67c15bfb9b5f087c4dd1e67b9b68cdd6a97a64b288f9ab9568fcd6ebc81c7076d7857ec3fa95ada7ed057d6f71aaf8c34d8e7f0fdcc9e6787519ae256135b70e02b7c9819e83076f39af56fda0f58d3e5f845ac5b5beb9f18b529a296df116ba92a587fae5cb49b942e4738f70beb5fd67295eaaf91fcc36f70f06d2b5199752b5922e36b32bee190c1948c11f5da7db15d3e81a8b4770aa4280d86c28e0d7096d7125bec9161b898ab825632158f6e37103f515da781f4296cbc32baca69fad5be8b25d3dbff695cdb38b333e7262f3caf97bfe61f26f27a715dd27d4e78c5ee8fd16fd82fe3cf8b343f81fa9d95bc925f59e8334b15bbcebba3d352411cb8cf7f9e5e01e99c741c7d55e00f18e8bf166c6decd2dd752d4b4bb00d24d32709230c1c13d4960791d73ec71f25ffc1357c79e1ff0b7c12f19e9fe26371269fa9ead1ba2223307096d106231cf3b00da3e62d8039af5d6f0e7c56f067c61d4bfe115f03cf6e8ba649ac8b3b886e1a05b54c04492744f216620e7ca59247ce70a40afe34e31e09c5e71c4798472ec3f2b84f49dd462e4d26d5fabbdef6d3bea7f5470ff001065b81e1bc22cc2f4eab82706937cc93b5dd937d6de76b6acadfd89e2ef843e20bcbc82190792eca272b98e463d481df039248c003a8e95e9bf01fe3249e3351a6de99af3519b77ca80850bfc5248fd393c0038038039ae4be1efed71a6fc6df8796104be19f137882ff572626b5b6b78a15591776f84c93491ac8d946f9622dc2e00e0d79df833c7d71178825bcd06e16cee9ef1aca5b168c472daba9198dd012028dc08218ab03905b04d7c7e63c279acf075259ae15d27176536ac9b5e7db47ae89a5a33ef703c4195e7ea7848ce0ebdae9a7ba4b7dbb6ad6e8f51fda1be146a573a9fdb2c6ded6d749b55ddb5311ac647591cfaf6ee4f4c533f65dfed2f13eb530b8ba9a4d32cf07633604afdb3dce3078e82bd03e2ef85b5ad77e1645a7d9349777932a99db8dce7b807a0fa0af0ef016bde20f871e2b5d26d5ed60b9b8904722484388f9ef83c119e9d6be7f035678ccaa7439a2e51d1774975eaf53d9c0ce58ccae7479a3cd1d15f7496efe67a37ed35e03d73c67a9c32d95bcd71044a7f76bd14fae3fc9af2af0aebbaf783b5a4b0b2ba5b5b867d8cbb81d9f5edf9f35f5078874ed4afbc052c30de3cd7d342434aa3660918e00ce07ebef5f32ffc2a4f15695ae16b7d1f5099d5c90c919653dfaf4ad386f1d0ab859616b4a368e8af657f3d4d38771d0a985961ab4a168e8af657f3d4e9bf67ef861ab4fe2786fdd6e2c7ecec1b12c4e85c73c038ef5e9df1ef41b18fc2b25c2df4ba66a11ae55a09cc4253e8573839f5c64568fc18d62c359f01c3fd951cb16c5dbe4ccec769ef86e48fad787fc7ad5b569fc56d637c2eed60dd958e6b86962278e558ae467df38ae4a72af9966af99a8f274ead7cf7f99c54e55b31cd6f27cbc9d3ad97afea51f85fe11d27e246be6d750d4b50b5d4324a921658e7ee46e3820fb11f8d7b5f8efc79a2fc3cf0749a3ff6b5e596a56b06d83313a38c0e3861b594fe23d2b2fe04fc2bd3fc2ba0aeb574bba575dcbe64d1c8a83fd99171d73deb83fda33e2ac9e3bd496cf4ab5df7161b9a16057cc66ec14ab10c38ec7bd76fb1fed7cd6185a77f671696b6493ba5bdb6ee6f88b665982a70bba74f57b5935db4dbc85fd9ce49af3c6d79ac4daa2dbc56e864bd5950f973a73939e46475e718acbf885f112cbe2f78a06ad6d1dd49e1fb71b52ee6b396c5efe10c03347bc6240a41c3a80a6bc57e15781bc79fb574ba8e8f7dad6b1a0da787f565fb62e9774337665675822de42ac4db57cd3957f2c7404950dec57bf04fc6714771a77c41b5f145ae83617f06971cda86a76ba9ff006b5b2ee6fb489edd52460cab1822540c9ce4e726bfa132cf07684ebac6622af34a5eefbba28a5d6f6f79fe1e47e67c53c659be17886a52c2528c69c5462a6da7772e5ba6b471e5e6577aa3b1f87ff12fe19f80ed3567f0fea5a86ad792446da60627dd1b6385704295ea3923041041239af9c7f6f9fd9fe1f891ff0004fcd7bc4134d71fdb965a9c37f64b2c65f7f94ccb20071b866291db07af962bb9f1a7c23f865fb096b96fe3ed0f59d52dec9b575bfd452e350fb7436f607799e2444507cbda4b2872e415041c2935e9b2eb767f1df46d4b52d675ed2ef3c0ba6de84105b471de417f13820a868f1bd59091900e558f706be2788b86713c199c50c7509caa53e684dc9bbcbdd76f6764adef696eeae7a187cc167d80c4e558a7cb56714a6f9af7be91e556bfc56bad6d647e18fc2ff1a78dbc0bf1163d4fc07a8ea9a6eb1359bd893636097b3bc3232b326c28e3aa2ff0e462becaf82bfb127ed41fb65e91359f89354bad1fc33a86dfb4dc78920820f3943ab8db0430f9c4865070760e00cf35c9ff00c1487f67ad73f64bf8a8be38f866dadfc3df0bf8c2ee716916933cda6ac1247b731ec52a42956465cf1cb01f76bc16dbf6effda3b42b66f23e377c50b7861524edf105c61140e792c7b7bf6afea2c9738a79a60a9e6185b72cd5fbb4faa76baba7a33f97734caaa65d8aa982c57c70767d9f54d7935a9fb0bfb35ffc10dbe147c208e1bef1547aa7c48d5a2daf8d457ecba6c6c3fbb6b19f9867b4cf20231c57d7f75e0bb78fc25fd8a9a1d8a68620fb2ff66fd8e35b2f2ba795e563cbd98c8db8c7278afe6e3c1dfb7cfed19f17bc61a7787f43f8ddf1935cd6356996ded6dacfc4d7c6499dba01b5c7d7d8024e066bf54ff634f84babfc32f0db6a1ae7c5df1a78d3e2469ac26d40f8a7c4f7d2e98200af23ac36f391b005504bcc37360901178af0f8bf896964b84fad62632a97764a29fe2f68ae9afc91ecf0c70dd4ce310f0f4251824aedb7d3c96efcedb2d5d8c5f8cda368bf027e1ce93e0ff87b67717574de2fd4f5a920821411e876514eb2471ee761bb0eb0c50a92c4af9871b63207d01f11bfe0aade22d77e01ea575a0e85656933583c73ea08d33cd139520ac16a6321241ce0bbbaa91d1fa579b7ed33f1f74bf831fb1e7883e274d65a5d9ea3ab6b7a7e9366f1d90ba8ad565954cd2ac790243e4a4ec39e5883c8001a5fb3a7fc14bbc1be2df0ec22d7c55f0cfc4d7123346349fb73689aa48472105bddc6be63796771d9f264101988afc5b25cfb8aebe12b62b27a119a9559b95e51e7726ef2b27a596915e974b567dfe7d81cabeb30a759cf9211518758a8ae9757eadb4fccf46fd847f6dbf86fa87c19f0ce97a4f819759f891f0e74a6b58e5b8b054974e32c658a1b9646960965555122a293f3924ed3c1f147c55e01d27c15ad7c40f18412786eefc45e2386e755d421566b8d104f0c7f658d605dc24c01234a18824c32ec24902bc87fe0a09f10758fd99be1e78c3e297c3fb2b3f0de9f7fa742af6f7964607b5d406d896ee0d8ad1ddc6f1c91b61d93fd5161e6282abb9ff04acfd82b4af8bffb22eb9e3af8abf6af165e7c70bc1aff00d8ef267dda4aa34e8b2c332957592532bb865236a6c4076820fe859e712e0a9f0e7d6f36a32529f2a9d35a4949d9bdecbddf893d13b2b687c7657471986cdd54cb6a72f236e12ba7a6daf93bd9a3e85f83fe23d3e2f04433dd78c2c35a5d4a0fb4596a515f2bd9dd5b9e16485b8057820e46e565656dac08af2df1bfc2187c3f7136b71f892c23b19242f14c52491a76ebfbbc0fde7d41c7a91591f0fbf62b97f612f8cda6dbdb6a575e21f84be24d418c115e8deda35e94f97ccda0265820c4800593605655956369bd43f689f87b37c44b18759d3f52d3dacad63e5a49c2478eb907a7b57f3063b0b87cbb328d7c0d672c3e215d49c52b5bec356d249f4d9dd34da67f45f06f114f1151bacfd9d46ed52c972f972e9b3e9e77437e08b7897e215bef6f106a569a3db9d9b847124f718c74e1b60c639c93f4ae7ff698f12dc68f32e8f66d35bd9c8a0caed23bc97073d19d8962071c67159ff027e296afe1ed55745b38f4ebc89df01e49cc689f46c7b7402bd8fe286896377e129af350d2ac7509e388b005f6a03fef1c57878897d4f348bab08b83f852b75eaffe09f498892c1e66a75a09c7eca56fbdf9fa8cf81b3cda9781a0693ec90b32f125ac423fd36e33f85788fed21e743e3258ee2fef2fa35190b3c4232a3d010a011ef8af78f01dc5c58f80e17f1034363b63f9d99fecf81db90460d7cf7f12e283c4ff0010645f0caddeaeccdfed5d6e6ef8ce78a38735ccaad57a257f4fbf62b87ffe46356aec95fb5bff0002d8f66fd9c618d3e1be6ce095776498eeae03c67a742abd3ea2bc3fc636924df12354b3b436fa4c97425802dbbb491ee752382172a79ea17e53cd7bc783b5687e1efc3545f13dc59e8b294fb90910c9d063e54e735e43e02f0b6a1e37f89efa8e936e2f74c86e3cc6b9bf6ce1739cf2739ae9c9715ec71588c6bf856aafac5b5e7b3f41606d2962ea4e4e31926b993efa692daeba3e867fec8da8cbfb18783f50f84f75e13d4f55f145da41e2832cd7b1886f2492083cd104ff00c4d0cbba329b7e58d20387cb257a07ed2fe21f157c79d0adf48d3edb50f0d696db5eeeecdc2bde4a5704246ca8bb3a0cb6092060100907e69ff82837c61bff0083ff00b6cf807e202df7da3c2fe1fb0fb05d5a24e36b4570cc2ea544e0868c2c121dd9deabb8600007d6bf17be305c7c28f839078aacfc15e34f889a7cc88a2cbc23a747a85fa8218f9be5b4b1968b81f326f2339231cd7ebb9f7197134aae1f2ecbea429d1c4c2f1764ad2fb517276ef74f77cc7e1583a387a11954c439549a7ef293726ded76b76ddb5bf53e64f18fc04b3b4591b5592f35c6923921917507f355d2452922e318f995994fb1af8eff00651f887aefec29f1efc51f092e21bad53c1ba95ddbea10429304b9b9b5c9685a22ecaace14b215cf2f19191806be96d03f684f8c1fb51f8e6ded07c13d7be16f83e19a1b8bfd5bc51732a5dba236e921820f261dcd210a80fce1177162720573f61a57c34f8dff001a340f1178a349f175c699a30b8b44bdd0750b7b7bcb705d5925f2a65c4caae84851246cbe63104fdc6f7b8078573ac762f1395d792c4a9414aa72cf9fd9b4fdcbbfe66d3b28dda5f23cde22e26c26571a398bfdcce32f71d92bed7f24bce564769ff055ed32cfc77fb247887c41751c866935682f34adccd8b4b68dd6062067680ed201919cf1d88afcb7d5f46fb5fc2ed7b685679a14b656cf4f31803ff8e861f8d7ec57c4c3e00f88df093c6fe15d42df5ff1843ae69c9a778685dca9a6a597965e4864bd588f98c63b911b048e42aea0862012b5f9276da51b6f01dd473248b31bf862746fbc8ca92b3e4fa8200fae7debf63e02e0ecc38732b965d8db7c6dc5ae6b59a8e96928b4d3bdf4df53e178c38b32fcff003158bc02714a114d371e97b3bc6525f0d96f7d35499f617fc104bfe09f9e10d77579be2778935c9acf50f0edf08b4bd123112a6a9179656579cc8a4b4259826c42376c70ff0029c37d29fb4ffecdfa7f8b3e26f8ab46f04a47a3e9da9785751bafece8d8ad9cd750ed3b60507f771be48754210304e016607e7ef859f0cacf43f09693a7f83fe2658d978b745d2adef356d2ec350dd73a64b2c61983a23868f970181e030e406ae8bf65df8b177f08bf6bdd1fc5df143e2249a8d9cd0c9a3dd5dea970228122700e58bb1ced0870490002c001939fcfb3fe3fc36269e2b0d81528e2237505cadb767a34add6d74fe68fa2ca7872be19d2af51a74f77ef5b7dd3fc9af930f013785ff6a5fd8cb53f847e3af11db69373a3eb3bed2737f0dbcde642328c3ccc82b89594f04ec718ec6bcc67ff0082417c353a635abf896e2f99a562b76b796cf23465b2bc82abc0e32179db9c738af0cf096810f8475ebfd1ef2e2db58b5d3753ba44be8d18c37f9623ed0ac70dfbc58e238241000e9d2bd7bc37e13d06fef51adb4fbb86dd7124cd34b98e30b8ddd029239eb9cfb0afd1303e1be26a4aae2f2fc77b28d697b470f671928ca4937caf9a2d5deb6773e5ff00d7cfaa5b0f56873aa6b95372dd2d15d38cb54acae8fa43f628f849f0c7fe09ab65e24d72e2fb5bf165aea902a496371a843750dadba0c948ad436c9247ce0b95c90428daa5f7fb5fec73fb776a1f1ebe106b167f0d7c2f7d6979e1fd59d6c3c39e244fb35dff0066b125510ab053e5ee5db824140c325857c4bf0ff5bbcf0dddb43a5986c5b545fb14d1a6df31a393e500838c11bb8238cd7ddaff00f0500fd9ad3c5f1f95e21d1f43bef091feceb3d5e683ec96f2aa0dbb62917efc676e46e5008c15e0e6bf23f133836791b8632a73e3f11525ccdc97b8a118a8b83842eecf9b4d746afb9f53c37c411cddce0a2b0f04ad68dafccf54d376d974b5b53d22ff00e3e587c6af827e31d0b5ad1b52f0e78ab49b44be9b48ba03cddd14d1c91cd031037012229191918ce31cd2e87e39d17e3778364d36dae9adef0c655a278033467f2dbf95617ed21e2ff09fc5bf81ba2f8c741d5b4ed5ae21d4a2b1b5bdb19d5bed50ceb209602c39da5417c1e9e5fd6baef0e5ac3a4fc28ff46b783436fb3e4c900593f87a929c9c7e75f857164b06f0b86af84a52a4db76836da84ae93b737bd28bb2b295e51d9b69267eb7c2945d2c1ce755f354f689464b4d1453575d5abd9db73c1fc41e07d63e0578a52f24fb2c8aafbe36660c5c03e95ed1f0f3e27c3f177436b5bbd1ef54326c924684f927e84678af9ef47c5c7c434670dadbb4e090010d2f3fed62beacb89649fc1acbe53e8ffba38323261383fdd27a5795c4deec292acb9aa3fb6b4b7cb73f47e237cb0a4ab2e6a8feded6f96e606970681f1ebc31e75c5a48dbfae4b47823fdd3efeb5e21f10fc3975f047c511ff64ea5346ac77028a41519e99e7d3d6bd1ff0067ff0088da0e9fa747a5dbea1a8c978dd0dc461403fec8c9feb4ff008f5f06a5d774f97586d66ea7f253724722a08d4771803f9d6381adf51cc2585acdaa52d14649d9fe0cc72fadf52c7cb0d55b54a5a2524ecfef4cb9f0fbe21daf8f3e1acd79e248b4f992052a59c6dce173cbb70bf5ce067248af37f86bf0a975fd5eff00c6b75ab5f7863c0f6b70574d1632e2eb55da48241704c6aaea1492b966040cae5de4f81be22d5bc59aeffc23d78d25e68b83e7c64616dd79f9c1182a47623bd795ff00c1417f6e7d420f13e9bf0a7e15f867fe12cf1287482e2de0212cf4b8230a5a10548c4810a64e4242194b1c9543f5192e498978aab86c2a5793576dfb94e1bca6efa46cbcb7692d59f25c639856c9f112a119f2c26afcb1d5bbed14adbbf25a23eb8f1d7fc139afbe33fc16b3baf08f8d2e3e1a78f66bb32cf7ff0063fed045b64959469e7732ca238906c5dae06edcccac49a6f8f3c1b71fb11f87742b5bbbbbcf106973bc16ba8dc5b5aed1be4590bde88225c461248cf98b1801a39048c331316f17fd9a7f6f6f8aff00042d66d2fc49a6af8a24b8bb9a775bbdf1c85de466df1cb1ab85de082c841018b6dc0249fa73c37e23f137c7396d3c4de2ed32cb4786c86ed274c841728ecaca6e2567018b8491d10055004b212a49057f78e27e27e139e51530b4e6aaa51e584637b5d6ce2dae55ebf9ea9fe1785c9f39a58884abc5c55eedbb5f5defdfd19e17f147e2df87ff00b3a6ba8751b6bc898078dede4122b839dbb587073ce3071c1e78af8d75ef8407c2ba7dcc7a1c9a9450dd5c4d379ad280f86666d88140da837003a938ce79af4cfdb7f4bd0ff678f881a3f84344896c6d4c525fd969f6f03c90c085f202c51f3c1dfcf5e393c71cafec67f1017f6a3f8c1a3e8efac5ab68a3c431689ab26ef26f95d95dc4718c1085fcb64073b94e7eeb601f91e18caf1782ad3c3f0dd5a918565072926a3756bae6e556566decfcae7eb9976072ba593d3ce788a9d39cb9a7c9192bfc2daf762ef76edbbd36d16a71b69f0d2dfc397c97332ac735c48b13c8cfba66c9f9558b1e589c000f39231d6a1f88bfb23d8fc5ff0008ea3f63d3ee6cb55b090dd47a8d959b1b79b298c5ced180483f7b2181e72dcd7eadfc79fd9bbe176ade1eb1f04ea927856e753d72ce6bcb1f0b5edbdac7fdaf6f6bb1e66b655413c6f1654adc46fe62b942598e4d6eded9fc1ffd95fc33f0f7c13a85fdf784e1f146a29e1bf0a5bdadc5e0925b9d85865e224798cb8679a6c9767cb336715fa060784f1b85acf17f5d7ccb77af5eeaeefe773e6735f11f2fcc30ab032cba2e2f65a2dbb5a29a6ba58fc94f819f097e1a7c4afdb07c4b6ff0b7c13e2cf0efc56f135a34da8d9eb53a7f675943348ad2dc46f1bbc6a24750c46e27e56daaa370aeb347fd99741f19fc1cd52f3c7de0fd775af0df88351b8d0b4df11d9693790ea5a66a91fca821b4b8289206721524d8016cfce40207b1fc6ff06afeccff00f0507d47c4ba1cd62751bef0a5bc573a7c56890c0f702ee7df27cbc279b1aab79636aaf9cfb4aee044df17ff00693f89be2bb4f0deb10f81f50b5d2741d5a2d425f2a56189230db242adf7f07955f9475f981c11f2b9855cb3079a42862ea7bd64a751d5719c5a5eec6175cdcb6b5acf46da9b6b7f22a60f1f570bed70f4daa752ee9a7156946f66dd9f2b77f4ba49a49e87ceff00b32ffc13e7e1cde69da80f1558f8bb56d3f51d6d7429f5fd1fc450b2f86353382f14d04109854bb3464c733ca13e50a3ef13e0bfb7578024ff00827e7c58baf06c9ace9be2066b75bfd36e2d5e38da5824cec3711024c720c0e33861861c3003f50b45fda7bfe177784e3f0cf847c2d75a7dadfdf457ba9db2c090c625599267fddaa02cee506e9582f19e49c57e0efed9dabf88bc7ffb54fc4e9bc56b24fe2a9b5fbcb2f244df686b66495a28a056e0954554418e08518afb9e0be23c4e22bceb52c4b8b69fb4a4e519ff002a8ce2d4a5cabe24da767bb8e973e3b39c9e8f328d4a37b3f75a4d79b8b4d2bfa74d8e83e0f47e36f89b61ab78a20d1f58bed1649da16d6d25585679b1f34718660d36d1d7cb5257db815ce7c52b0d53c0975a3eb10d85d2dd35ca88126b72b0cf1a021fef82ad825473eb8afdd6fd87ee345d3bf601d47c1ff0f7fe100f0bfc50d174c8f4eb08fc5169135a40eab1ed9645db865750efc023cc3960d939d1d5fe1d786fe25de78daced3c35e1ff00885e20f0ce831ea90f85347bcfecfb3d535792da15bcfb3b0fde4104d2c40e06dde10120f06be8dd68549fb6a2d4a12574ef7e6babdefd6fe44479a30f67522e324ed6d15be5e5b5db3f2b3e0afede7aff00c3bf0eda68ba6787b49b7b3d42e96e934d7b86090cabf29fb30ce554ef6f90ee0bbce0e08afd5bf821f170fc6ffd9b3fb59ad6e6eae4c244968b208e55e3a70320fae73c8af2bff82957ec8bf0df56fd9534fd17fe11fb5f86fe2ef14f87c6b906821bfb464f0d6bb6e2396092ddf3f219184b6b26d2aae8f9619406be45ff008261fed8fe26f0ff00c52d53c33e248a4b6bed52d65b46b45ba2ab0de21c9c6d3d4957f9978cfb727f22f12381e9e3306b15838af694df33d5dfa3b6afaa6fe67e85c339c6328d6a54eba92a5292e56d5a2f5d6cf6d3ba7b1f5c7c3fb27bef8856eb676f0ac866188ef64dc3af424283fa57d41e27668bc1522dd4b6fa6fee4e5d332aa8c75c607f2af99fc01e16d43e23f8ad668d667dafbd9a49c24bd7b395e7f1afa5ef2c23b2f07c96fa82cd74a63da61b968c3918e80af06bf9eb8aea2f6f455f55ba5abe9d6e7eedc5328fd6292bddad1a5ab5f33c1be057c2bd4a4d521d6af6dae2d6ce221a10c855ee0f518071f2ff00b47031deb73f6a8f82de26f8437be1ad56ff00e207f6c0f1444a2e6ce0996182ce20c7cc021673b41cc7f77711b0e396c8f34f1be9ba9f847c452c5757d7535c2b637b4cd231fc49e6bd8b40fd88bfe1a02e74af1078ff0055d724d34e996e96fa3f982294c8aed2191a55f9d2321be555db21393b80c13fb6787d94d2ccb135bdbc633e68c795dbe18a7adaef5b9c5c65c412c97d966d56a4651929250e55ef597bab99dda49eae4b7ec790f857e395de9310b7d25f43586de6f2ae2dace2491a399382b213b9bcc5e0e4938eddaba7f831fb38e91fb3fd8c33dad9c9f6fd7f33dedcdc2ffa4b8deccb1b1ea02ef271ddd9dce59d89f42f147ec9be3bf87be29f13ea9a0e97f0afc45e1fd724927b59b5c925d32f3c349e5958d11951e2912362ae5d86e936fcd8ea2ffc3ff1e7837c2df04349f04f897c4e3e2e78bf4981e1b9bad144b753bcdbcb6c5ba4c6d68d595417903b0553b09c2d7b59b78533ab4ea60f0588f650a8d36a517ef35ac536a5aa5abb59f7e87e659ff1c60ebe1e8639c29caac5ef4e4efcb24db7caf58f2b4a2f99deed5b4db774f4bed362b7b9d174bd2efcf96cd219ae040f1328caf553907a71939238c735e83ab6a7746f121178d6f1c7f2b48a8a5e561c1dbbb21573ec49c7515f0b7c57f8d1f1b7e0bf8a21b5f0ee9f1f883429afa148ed352d3dd35f815e68d2289a311c3e68918b47e72c21433a67079afa37f6a2f8ada9781fc55a3c56b67710dbea914b3ee6fbb0c88c164889191bd4b7404fe239afa9f0d78016434e73c74294ab37eece32726e2b7767f0eba2692d0fcbb89f3c9663520b0ce4a1d5356b3e9aadf4f33d0f5df871a6f8ee559351b5d2f5c7447881d42d504caa71911dc4615e3c903eee7a67debe56f18ffc131bc21f043c3eb71f0d34fbed162b1be86fee14cef2ea16b75196314d2c9bb370b9662b2f0413d7bd707e2bf18fc6ab6fda9745f137823c5b36a1a1df4b6915de8773aa476f6b691a8549e37b79180756c3bac9106705f9c328ddfa02da8c57b6b1dd2ed6da7610cb9df0b101948fc437d56bebf36c9e9e6f46ad04a546a45fbb35a6a97baf4f895f74efd74b9d5edaae42b0b5e18886229d58b6e09b6e1d25169fc12ecd2d7757478dfc3bf8c9f102ff0050d2754f88d0fc3ad221d1eddec20f186a7a79b6bd8239f6878d2476080c85132ab85254641c5697c19f07fc48f035d5c7fc237e3c83c73e1596fa5bc82eaf7cbbff002652ee5cc2c7956cb30ca360734df187edbf6be02f176bde1bd67c2266b6d2ee24b79668b52091c910e779568fe5cae1b1bb03d78cd7cb3fb54ffc14475afda2be25697f097e05e972be9af76ba51ba7262b6bd9d98a8ce002635ebb0e41cb3307f971f9e7fc435e3ac556a50cc71ca8293d6a29479796dba8d93949da295f5d775a9c399f1e64183c154ab97613dad5bda34ecf56fcda6d5b776f752da37b27a1e31f006b1e29fdb2fc4b75717ba6dc42fad7c9793eb56a1da20ab80b1eff0030edc6c0001f740ab1fb417fc170bc27fb1b7ed09ae7c316f871e34f146b5a3887ed32e9f1c3202d240930410b3abe1449182c4e09278f970de5fab7ecb7e39f0e7ed6d6bf06d3c59e32d53c64fa59d4e66d374a5b7d2426d2c55418c23e0718ddce4741923e90fd952efc6df05de5b2d6bc3da5f8a2d7c9034fd6ded92378ce3ee336c2f026400ca148564cf5524f7f11f871c3384a4f34fac3c5ca9fbae9d47ecd4e4dfc4a6f95393b37cadebad9b270be25713e615a865f9de063429b8a509516e7ca974946d2dff9928a4f75a9d17fc135ff00e0a71a7fedf5e21f17e8327c35f12fc37bff000f5b45a85b0d522544d5ed9dfcb7750140568e428a572c0875208e40f3ff00dadffe0979f0d3f684fda02dfc69a142ba17c48b4ba37f28773f63d5e5455f99a238dcc37212c08e587715adf0e3fe0a4de38fdac6fe6f0df813c2ba4f84264595afb5abcbd5be82ce3464461122aa6f9773f43903ae08e47ce7fb51f873e2a7c38f8d1a449a1dc7883c48ba7eb11eb76fafe9f661af84a62d93c172377ef964508bb46d44022f9949e7f29cc385f134f35ab1c0d5583af28370a519fb46d25af3b574a12fe55272b5dd92b5fefb26c750a9172aa9d4845af7a4acaf7b2dedb3eb65e4efa9ef5e0dfd942eb5af0beabad5c69dabaf8a3c3d6b388f478a41677d7b3c6a5c5b473ee0a04a70158b6d258671822be62d43f6aff0fea1f15bc8f01fc2ff008ebf0f7e2259c8c8f6571e1999aea560a099245dadb7e6e0f99903ef12057e9afec3dfb4d7847f6e3d03ec3a86ef0cf8db4d296b2ace8537cfe5ac9b1ba2be5493f2923e56c138cd723ff0540d67c77f017e125d6937fa45c49e1ad52e2180ea166af3c71a2b798cce40cae591515402497c9650a73e1f09e0732c339d5c4e1dc9c24d464aaca1ece56f85a4f5e6bfb8ad79a692723d9ad5d57c7470329469f35aea493528f78b76bab6a7c65e36f82fe29f899e185f166b9e32b1d43c49309203677f74b1dcc8f100ceb0ae3e70ab2282157032a48c366be57fd897f65dd717f6a3d43c4ba8e9fac69367e1dd4669e1b5be5f2ee679dd9f099cb640dc589048231d49afa6f49f19eb53f89edf47fec2fed0d4a21f6c4d1af2e6ddae99506f27ecaec5d5820c9560ad85ce3038f7cf84ff0011bc3ff1613ed8d64b1ea767232dcc4e9e5dc42e0e5b86048ea0e0e7ef02320835ef665c639d649809ff00685293553473ded7ee959aedaa4d2b6ad9f6388a180cd67428c671951c33728c22927e49bd1b8dfaadcf40fd9da1d73c1760d69a968378b66ede645711ed7651e8ca3938f5033ed587fb55eb7abd998e368ffe257301b64317cbbbdcf507d8d7a48f1d477de1bb886c6468ef218cb44b32f95e6e3d09f9739c743dfb57ce9aff00c4cf146b3aa4da7dc5f5ce19cc6f6f2af03d8a915f94e4d4de371d2c6a51b2df56d3f35b9f5594d2ad8cc7cb1928c636dd3bfdf6d6c7a15ffc1dd5a6f89f6fac78824b792ca398dccd1c6bc15405953d812003c938cd7d2de18f155d6bba45bea30b5b6dfb4225c798a58957ca80b8380dbca9c9e305863245791fc6ff0019c5a09b2b36fbd784c2cd9f99723ae3d01c64d60fc39f8f51f83f49d42ce7baf29a00668cb8fbb24643ae7fe04aa0fb1afe93f047131ad90ceb49255399a76d2d14972fea7f3d78a58ac662717877885fbbe4f712d168da76fc0e8bc19e3cf0ff00ed5bf176eb47d675267d23469370d35663123e638dc48c4632cbe6c7f3672a5d8aed0a0d79b7ed2ffb42e83fb1cfed2bad42be0ef10699a6f846dada75d6b5001ad75459911d92dee08f336f2e8518c843c05805db87f9f3e28fc393fb17fc37f11789b4ff001d5f5be8ba2ebb77368a8098ee9a29aea49ad2c21995b73150e532dfc28e7e550d5f2d6ab27c6efdbfcffc24061b8f126976733dbc31dbdf5b416760ea06e8fcb32291200c09dcbbc8607b8afd2b85f1985cc294e4ab72d3a32709559e89d4bbe68c6ed6cfcec95a27e759c7360a694a9f34e6aea11d5a8e966fc9afc4fa6fe3d7edd9a87c59f8d37de26d3fc69a95ff0084e49ac068da4369b893c313bb456cf20962dc5a3791d5891d4ba96c795191e6bf0d7fe0ae1a87843e36f8d342f8b9a2cde20f87de28d6ee6fe486d8ecbef0adcf98ca67b467ea9c731be01183dd81f3bf82bfb385b6930ea5e20f1e78df4ff87d65a19402186e924d56f6529e6182050c312052a187cc559806030d8e47c67e2af0e78f7c33e20d6350d1c8d6347916fa09597cf964b1438264080079a352a59b1f7412368071ede3329953ab3ad8397b4747e26a2f66afca9b6d36f46d45d927aea6993e7f86707431d4b9555568ae65a34f7f2eda9fa6df04be1968bf16b55d3bc5de0af1c681e20f08dc16f2a79124b3bd0df2931bc4ea0075046406ea7a0afa6aeb5bd2fc256115bcb32dcdc32178eceddd25babcf2c6e2b1a6ee4e401b8e147720735f8eff00b0c78e3e23683a0c7abfc31f89179a07867c4856e2e2de7bc090c983b32d13b6ddca011f321381c1c57e847ecebf123c39e18d416e750d59bc5fe3ad46d9a1bdd46393cf9962057f729d76a194636a9c6e8cfa0afcef883c4b865f859ac25173acaeadcad4632fef3d345d93d4f670dc333c4d58cea544a1ebab47c0bff0582f8bdf11135fd27c4fe2af09dbf86f59b7916e23d1a5617369736ec67113dc47b9a399c794a99276931fdd19ae67f65afdab7e21782be3a687f12752f05697e1ef0469f3477f67696d04667cb48ac6e650a559be4e4aaaa03c80a33b87b6ff00c177fe1e7c43f8f975e1db9f027833c61ae59c7a7c705e1d3b449af0214b996446251091b8371ebf8d58fd903e09d87c4af86be19d06ebed0355b4b086da58e4f964f3155232aca79077b00011dfdab838ab8f2385e1ecab33a518cea4a3efad64e9caf24ed1bbb36969cd7693d3ce387f87e75f33c761f1378414fddb69cd1e58b5adb5d5bbdba9fa25e03ff82b67c3df1a595bc90adf5a6a3751e6382453244f9e4059101dca49e3807d40a834ff000978fbc78b67aa7846fb4af0bdb46f3c90c572fe61bcf3642ecd3462274fbc0b01960be748a0e06f7f823e0dfedbff00b2c7ecf3aa5cdadef8bed63bab7772f6d3c779f678a4590c6caf1451bed7dc09da533819c57e86fec75fb53f877f6a0f8653f8bfc33796b77e161792d9586a51c5736f6d7c210048c9f698617da8db9321369da7049042fe79c55c5dc4988c0f357c24a950728ddce2aedee959fe8be67d360f28c0e12b3951a8a524bee5e67e59fece26ebe07fc6af893a1c81f407d17c537ba6436b62f8b642b791c6c53190b88159558f380bce4115f675efeca5e36f0dcfa2e81e30f888de1c5b7b99f5fb6f124f60b241ad4462488acbba68d632a36302ad90dc15191bbf3dff00683f17f8a3e16ffc1407e2b691f635bcb2bdd6dfc47a4dc1b232477f6f3baca1c7678cee280f42d1b8afd0dfd87be36780fe24fed9de139fc65a8ebcde364f0358e92ebab5c0934a926b550a1e03c20964c2c8cbced6248392c07ef39dd3c063385b2baf194218dd7def73da45b4f95aba726a29b567a6b667e7992471d1e26cce35149e11c60e36e671bad25d79536dad7f962bd4d1f18691e3af07e80d79e1fd634bf1c4b623ed2f77a76971c3ad451a7cc658e3b85df22ed186f29e46c64015f4b7ec75ff00051cf09fed1fe19b0f0bf8ca28649268638e1d46ea24fb26a2e780b8272b20c2e410304a8e49aeafe28eab6f79f1d3c3fa0e9fe1457b1934f92fe4f10437b1a446e886482cd215f9a694b00fb811b57249dbbabe4afda27c13a0f8a3c5b1f89bc35259ea1a3f8ca3945cfd9e4492de59e2731c8c0a12a4bf21b04e5a335f8c716716e3f877fda249567751736aca4a2d394251d22db4fdd928dd59d9f53f43cb72bc3e67254257868e4b5d537b34d6db6ddac7d91f133c05f0d7e0cf8d2f3c4d3f86fc2763ab78820780eb11595b0d46f9154b98c498f35f8049009f53dcd7e6af8e358f087823f6a6b7f18378ab4ed0adfc6f6bf618f4dbc6f296fa5b102392546c6c56297102a2923cc583239da1bb4f167ecabf183c5fa4b6ade1df1d5d5ec6d6c96973e1ed6af9e5875181061160918916f2a8270d90a7001db924d89ff649f869fb67fc3d9bc2ff0010bc25a9786fe2168708ff00489ffd1356b8876c682f23e0c5347b9444fb55a3dd183801e3cf3e69c6994679c3d52559b746a3b494397da525fcdc8d2e78df792b3dbdebb35c0e1f159463e0f0f2bd48a69b77e49276564f5b3ede7d0dbd7a0fedbf0f6b1a7c6ab34d359bcd6d8c025d395232475191db20d795fc37f07de78ebc46b6eb732433c0720c83718b1d88233c7a543a1f80f54fd9f7c0d73f0f35ad6e1d72ef4184e9f65a8a218e4bab32c92c0cf1963b5d622b1900b7ddc82474e97e03785354d7b593a9693a85bade5891ba29fe65941fe038e4023807b57e5196e13fb332e9d355134a5251959a4d5ec9d9ad13decf6b9fd1b92566b2d9e33e0e7b357e8edadf7eba763dd2ff00e0969be23d5bcfd71af35cd7ae0c3bad12fe58ac34c5693681e5c2c9e76324912121cc671b322bc8fe2c7ec41f18fc55f18b549a3b2f00e87f0fede2496ceeb4ad5ae24d5ae9402596685a211acc78198b646a32402c01ab9fb31fc2af8d17ba6de6b1f113c756fa5ebfad5d4578d67a2594327f66a4659a18373868b7209650dc4b9250991f6e0fa1fc7ff8b29fb287c10f19f8e27d7fc477d3787748b8bf11ea1ad4b3c73cfb184116c95fcb0649404554504fcc547ca71fbbf09e71906022b22c149d4af52f1bd28b928f44949a8dd47772dafab3f96735863ebbfaee25da9c754a6ede7b6daf45b9f90bff000528fda424f895f18e0f06d9cac9a0fc3d57b058d4e125bee16e24ebc95dab10cf4d8e47df35e1df0f75bf10d8eb3736fe15bad6ac6fb524db7234ab992d9ae11791e618d977019e0b74c9c7535c47f6b4da95d35c5d5c1b8b8ba669a7b890e5a4763b9dd89e724924e79c9f5afaa3f61ffd96fc6bf1d345b8fb15c1f09f82ef195af7576847dbaf235c9610b1ff0056a7fbe78e3815fbd57c7647c15c3f4b098a6bd9d3496aaee72ddbe57f14a52bbb6faf43f32c3e1731e22cd275e17e693bbb3b28aed7e8923ca534af157c44d5f4bd2d5a6d7355e6db4fb2b787ceba94920b2aa850ec49c6598727bd7b2e8ffb35fc46fd99b54d17c5fe32f09eb3a0e95a5ceb25d4d71a7dcaaac0415901cc45776c2df293ce31debf433fe0949fb357c3b9b5af88da9787b4e8ec2cf4ebeb5f0fd95cdbce7ed775682d84f2cad70ade666e24940621b98e154e016cfab7fc142fc59f0f7f610f81b6fe2ab5d06e21bcd73538340b5b0b59f6d8ea924cae7caba8e52d114658d972c32490320135c3478ab1f8bc1c2b2fdd539454acd46e93d934d4b5d75b5acf4d4f4170fe129d770579cd3b2777baf9ecdfde7e6bfc1dff00827b7c13f8f3e35b5f13780fe227c42b5f0cc1a9adddef852caea782c2d9b1bd618a77092aae78c80efb78f314956afd20f86da3f867e10f83ade2b5b5b5d1745b04c848fa9ee402c4b1663c92492c492724927f34fe20feca9e28f15fc56d42dfe17fc40bef87be17d461b5d660d2ecefae93ec82f6dd27d988d932abb8a2b124958c67a573de2efd9a7e23fecc2936bdac7c46d4bc589711c504ed34f72d2db44278a495d77c9264ec461818e4e73c60ff003cf1865b431d9cbcb71d9c3518bf769ca2dcb55757708c2176de8edb6e7e9594632ad3c12ad4709ab5ab4d5b7b3d1b72d0fd549be2178f3c7da2c72f87749d0edffb42233476fa85ecf676b616ee33179af6ff00e953dd326d76092c3144aea3f78e1b679f5e7c4f9f4af8931e99f11bc37a5f877c490c0d77a7ead63752dfd8ea16f0ab194c7249fe9025894995a09de4474562851c0cf2ff00f04ccf8ed7575abf8ebc477de26b3f1c693acc5a7436ba130065f0acf6f6e22936bb160619c0f354aa264b7392a36f7dfb687c628fc63e17d36d6c7c37a1a6b525ccb0e94a2356babab992de5856357da36afef77c8470a88c4f6cfa55309932c4bc9eb4e9fb37eef22a2d4946df13a8d26da8da52936d277e8614e7898d1fadd38cb9924f9b9d5b9bf9796f6f2b249f990fc70fd9a7459163f1478a3e12fc0df889e28bcbb82c6d25bbd3566bed52e6560110b496cc4ff13333bb6d5563ce30797f883fb46f8f3c05f1da6f863ab78574d9b47f0ce950eb57da5f87f4f9edf4eb2b31f7479a4ed65419f942ec27195076d7cb3e1df1178fff0066afda8743d43c50ebad788fc2f6115edf6a06f3ed62e897f2e01928acff00ba8dd5836182afde2706becaf1d7fc158a1f8b7f03b5db0d0fc23ac3dedf69d345710477b1dd320284148954659c8242b380173b886c6d6f732bcb785a3838bad521eedacdd49b4aeb470e695e37dd5b54699c57cc63898c6945bbc53b282569349b4d5e49db6be97396f8b7fb497f60fc40f87d71a77c3bd21a6f1f48348f0b4faa234ba96aea8eecade5c276a2869188690b1208248c71ea17dfb3af867f6c7f08d9df5f69f7fe16f19f86eedacae24b59847269f711e3f8b827ae470a547049c82784fd8c3fe0ad9a1a7c1ed17c3bad78635cb3f11787ed16ce2b20f0acbb470158bb2edc70a5d010d8ced5395aaff18fe367c4ab0f0a49f10be1ef845b50d786ba35bbeb56badb0ea3626131dc59a4646e6936a5bed7519cc4ec064f943c5e22e11e178617da60ab53a78856e49b9be67b25193e6ebb45b4a29be914679766f9b53aea35232b7da56565d74565a791efda57ecafa6f81b4785b54d735ad5efa150c9726736b2230c0de0c7b5831039c1e41e9c9af917c17e00f0c7c2df88df11be0bdbfc417d1b416fb1eb5e19335c432ea3e1cbb9c4c66f284c0a480054e1812cb20390e4b9f74f107fc14a3e1ff8fbc21a5dde9336b97526ad6c2e63b3874f91ee5548c95da3862a7825495cf7e6be3bf03fec3de32fdadbe28789fc69ab788b41d1e3d435393cb0abf6fbfb78b20431cd02151130855176bc8adc7dde2be0786f85730be327c4b88a983c2a51e4738b69d4538b8b8c6774f677b6e9daed3b3f5b30ce12f67f51846b566ddd276b2b6b76b6dd5bccf72d07f672fdaded35b48f41f8f1f0875ef0fbce5d64d4745d46dee3ca29b767956f29042fdf03cec96e0b6d3b6be8bf89de1ef0cf847e1568f63e2af11dad9788347459e0f10da85b1bb4bed811ee6088b3901c8f9a2632238f95f7d7c93a57fc13e3cc9ffb3f43f8aba1dd788a18d5a5d384ad14b0b2b65b3e5cf23e1781ca60ede454df1d7c21a7fec57fb0e6bbe2cd77c3d79e32f1b43a325bcb77a8486f8c73cc5501df291b163dfcb01bf2849c753e9e6393e52de1e950c746a394d251a186850a8dbd139ca4eca3beb692dd72ea72e17198ba8e73ab4796caedca7ccade56ebf7185ff0d63e05f89ff183598f51d6b49d43589afa2b55bdb1b88ad6cb5608a20df125d4a8eaff00ba55687ef23127254a33d8f8ff00f1d753f82ccf65f0b7fb0749f179d1e5d6eeeebc49a8c5159e93681d96311ee6db713cfb77244770da3763a67e1dff00824cfc65f09785fe3978d7c51ff08d35c78abe1fe8ede33d386b71417f19d3acae6293548b63464c770fa7c933c53a30647871c87ae83fe0b39a9683e07fdb9fe2c787fc2779a4f86e15f125b19edd6f63b15768b4c83cd2a59954833cf26501e0a0c8e057eab53c2fcb25888b7cd64f58b778356d9c6cb44fa68bcada19ff00c44ccdfea7f56553f7692492edebaf4f23f613e2f69d71e01f815e20f1669bff000916b5aae8ba5bdfd968fa28b35bdd66561b96049278660a30400b1a8ced25bcc2463e6ffdaab5ef107ed63ff04d4f1bf80e4d2ecfc31f13fc466dd2cf4ebdba82d2e354f2a5b5bb1130c88fcdf2e3f2d8460282e18a4619c0f28d2ff6a3f899f0d340b7d126b2d2fc6d69609e5d9cd3ddbd95cc5ce594950c850b12c06dcae4a821702b90f8b1f012ebf6b15d3b5df889af4fa36a560ced6961a5becb3d39588c8058ef690ed5dcecc4f00600000f1df88195e5f383c14a10a118da1caaf3be9f65a565df5bbebdcf2e3c398ac4c1ac42973b776dbb46ddb7d6fe88fcf9d2be196b9f003e274737c62f04f8c743d2f495372da75d69d25b36b52a90238239587945198962cacc36a1c67201fac7c3ba37ed29fb6e786e15b54b5f84df0f762b5a69e375b2cd1ab6537a01e7cf9c0fbfe5c6dd428af67f16f81fe16fc02fd9db54b8d6ef2d66b4d36687531797ade7dc5c5dc3bbc855049676cb32aa8ce0b13c0c9a6fec6dff00050cf0f7ed05e2ad67c33a6e89af47aa689a6c9a8e27f23172885176f0f85662ebb7248383f30af078838d330ce13ceb2cc073ca93e5f695129461b59d383b454a4f777935a6b6dbb30191e1b036c0626bd9495f963a3977e67bd97e269fc17fda4bc5dfb14fc5cd52fee16de48f5ad49a5bfb795e4fb0dedb123685958968e58f3f2b31e02e02b06715f4c78c3fe0a3be0bfda5bc23ff0008a47f0f756f13dcdf3868ed6eaf6da2b58240081299e291a540b93f3ac5bb9381c9cf977c2af831e36ff82826a1ad5e7872fb43f875e01f0fea53e86faede68c9ae6a9af5f5bb05b85b485a416f1db452662333f9a5e4570aa02927d1bc39ff0004c5f8a5f0f350fb07877e397876df45bacb5cea173f0ded3fb6ed987448bca9d2d58364e5a484b2ed18dd9e3e4ebf8e0b2e7532dceb174a1888a6a519c6a4b95db67c907152feeddb4f4693d02592e5f392a9858cf953d1c6c93b76bb4ede7a1c3f8b3e1058fc3fd52cfc4656de4f115e37d9b53bbb68cc103c785f26148b710b0c0b188e2049609d49249af0bfdb93e3ce8bf0baefc2ba4f88b4fbd8f49f1479eafad80c6df4f78f6fcacaaac5db6b172a083b5588dc781e9dff000524fd94be3afecfbfb2df89bc51a7fc458fe29687e1d8e3d5355865d0a1d0bc41a4c103ac8f736f25ab082e23550c648de346d80b07382a7e7bfdacbf643f881f11ff00e08b1a7fc6af157c621acd97f60e95e2bff84697c1f6f6c1e69e48a0546bc49f7908b72e72231b88e4739af0725ad93e6f8cc267d8fc7c2ac3115fd868aaa97b4945f25bf7778b4da694e3085adad8f47119c4b0f869e170d4a51708a92bf2b564f5bebb3efab3d67f670fd8c3e0578bee752f15787fe365cf84fc3fa5ddac373abc7e24d3e11a7a3c30b19186ddf1fef1e4f909438504af466fa87f662d27f66b975c861d17e3458f8fbc652412bca6e75a8ee6f3c946dacd04863e51772eeda79048cf071f30ff00c1367fe08b1f11f40f80365ac6b3f10d7e1dc9e32b6b2d5878721f0d59ebf77685232f0c93c976a218a6fdeb3148a0de81951a562802ea7ed873fc7cfd8c3c6bf0d3c1b79af785fc49a37c55f16e9be14d2bc796fa21b79b489ae2e628de1bcd34cad134861691e368a444711382a84027ecb30f11323ccb31adc3b96e269d6947992529d48e9057926dd370a895a4f963377b7ba9b5a78b87a72a54e18baea517d6d18f57a5b5babe9adbd59eb9fb55fc18f867a9fc76d2eef41f195ade6b5a95988b58b3bdbb578ade28369b560638f21a5f3a6c86e07978e0f5ec3e1e785749f085bc76f617de1d843f5114dcb7d4e3ebd4fa7ae6be4ffda57f65cf8b1fb29fed51f0afc33a3f8b23f8d5e27f8c92eb4d0433787e3d056ca7b54b2632cf3a4d2e2d638e5776c282ab1614333003dfa3ff008243fc4cd47ccf105f7ed0d7b63e269951a5b4d2bc27b7c3b1b2a8511f96d722e1d3800b79a8cd8dd804915f99f12671c3539d0c6d4c6d2a742b417b36a359df91fb393f66a0e508a9464b9a7149dbddbeb6fa5c1e695e34dd37194a69d9fc3a5f55adecf46b43d6348f0ff852e245d426d174a7bc5e44b25ba9607eb8a5f1978e638887dfb7cb3dbf840afce4f0d783ff006cebefdbd6e3f671bebcf0143751e9936b575e25bcd24ea1a6be8aee13ede9e71677f9b1024785612651b18671f6f78c3fe0991f156efc2c3fb37f684fb56ad1c5882d755f0359c1a2ca546047fe8ee2e625e00dde6caca33c3f43d1c5d5b21ca2185a15b32a3cd5a319c5c5546b925b49b842564d5f7b69d3a99e07359d69ca7ece768e9d37eaacda30be007ec97e01fda83f6439f45d7ae35284788208e19aeb4aba16f79a7150195626c305da1b80411d7839ab7a47ec83e15f841f11fc33f0f7c3bac7889b41fecb8ad6e1afb5469eeee222d23345349801d588dea84055e7002920fce9ff0004affd94be3d7c57f147c46f0ff893c71abfc1bd07e1aebade19d462d0960bdd5755d4d479d28827b8478a2b658e685c318e4dde782817739adcfdab7e0dafc05f87b6ff001a7e117ed39ad7c56d41358b5f0f5a687ab5ed86bb6fe27bd9a51fe8a973a7881ede78d1249bcc219912073918afe8aade2c70a53cdd644aab9546e0af184a54d73a52a779c5382e656927b2ddb5cadafcfe381c64e97b6b596f6bd9f6764f5767a7e47b8e97ff0004dc83e07f82bc6be22d53e25789fc657d24eba869d6f76ab6d65a3c51e3090c6198aca792244298c28038c9d9f107c50f02fc60f06e99e03f892da3c8de39b2bbb3b35bb9e287fb5844f1c7288b2db92756652385dcc8cc990b5e4ba2fc59f8c9fb46e8a9a56b762ba4e9bbc7da3f7e891dc01eac888e467076e33c0e7201a7fc53ff0082777827e38f81acb49f125f78867bad255ce9d770dfb28d3ddd631218e36cc78631212194f233904927c5e34e2ae18c653851a9526e717ee5482bb83ef76d7325d6374fb6a7bf94e5799d2a8e5cb1b3de2defe565b7af43e2bf14ff00c13dedff0066ff001e789bfb37c577d71e20feccd4fc3b008d9218ee12e6ca5b6db3aa0dff00bc8e7e85b6fcdc920115f3efed3be275d7bf6b0f88d0b5c47a92ff00c2597f1c7784eefb4225d4c8afb89270ca14f535f70687f19fc13f05b4e8fe16fc41bb6f136b96be2c167ac6bf1e8d1b6a179a65b299555ee7fd733948a380fcc5955b018855c7e60c1e233ab78c756d536b0824bb9665c904fcc4903af3c03c8afb0e15866d5273ab8f94e70b2e494972a9a76d63b5d35aaba4d27aed738332af818d350c328a96aa493bdbc9f9dd347ebb6bb2dc781ec5e7d42c26b7bc11cb3bbc89958c2e02a8c6739c8e99ef5e67a478efec56dfda1e204d3e4b98cf9efe7a25d488863f9d3f79bd1406dc7f76a87851d896fb7ae3e12eb7e36b237935869b1fda14b0d3f51b996d56d94f211fca4691a6c11bf2ca8ad9508db4bb7e78feda7fb3ff00877c25f1cfc3fe229bc4c743f0868fac4ba4f8d3429f5856b5b1bd8adc5cc31974d819278d948528ac5438650c373fc0f09f04e6f9561e78baf185394a37765ed2714aef9526ac9bdb46f5d0f6b34cf30989a8a8d3e6924ecb5e58bf37adedea91c5e81fb09f89bf6e6f14da789b5cd4a4f07f806cd162d1d563125e6a56d91fbd556270cf82fe7be438281536a863f457813e0afc19fd89b57dba4c325c7882ce2892f6f352d69f65844d868d2e266cac664237ac30c6f2c98c88d9466b89d4ff00e0abbf0db439e0d3f41babbf126ad36e10a5bda490daab2a96c348ca30bf2e06c56edc01d3befd9af4c87e23e8abe2a75b5d42fafae64b97ba9a6462b3b801d802491950a010385c01c56d7e24cca9d5c4e6b46ac30d1b28528fb8e6dbb5e4ed7b2b5e4da49bd1591cb1fa861e71a7859c5d477729bf7ad6edd2fd0f5cf82be26bcf01ff00c1b77e2cf10786aeaeb47b88fc3de2cbbd3ef34f964865b60facea011e37c2ba90ac3070ac38e01e9adfb017c60f156a5ff06eadf78c2e3c45ae5d78a34bf01f8be6b5d667bd91ef607b66d445bbacc4970d1044087395d8b8e82b63c3dfb004dfb6ff00c05f881e19d3756d2f4dbad16c613a7e9a93f9105f4f71248162de195232cebc02ac1ddf076fdeac4f85ff00b0ef8efc61f1dbe38fc0fd2758d375ff000dfc2ef0edbe9d7374fa6c9611f89b5dbbb490269cb1c7298ed12ea185a5966264113ccac55bce15f0b88f06731ccb2ec44b957b4ab982c5d9a4dfb36a49d2bb96b6bddddc53b6c737f6ae1e8d68ae7d234dc367bf47b7fc3183ff0004a1f1e7887e2d7fc1bfde38baf116adac7882ee3d0fc5d62b75a8dcc97537922da72b1ef7258a8de4019c0e9557f69485d3fe0d62d37e56e7e1c786fe6c70375e58d78f7fc1367f62fb7f87bfb13fc36f1a6bbe2ed72193e254de21bbb3f09c7e14d4754b7b88ac2ec595c0bdb982410d830e3fd7c4d1f2e1c82df2fd3dff000524fd823c3bf073f65bd37578bc46b71218ecbcbd1e0b68ed6d6282588ca236896e58ed4da02ee854670410702be9b11e02d5fed99661471718c7ebd0c672a85aca2dfeefe2eb7f8ada7f29e6d3cf17b0509475e470bdff001d8e7ffe0e7cf89de28f837fb05f856ebc2fe20d7bc2f7975e3eb3b69ee74cbd96ca69a35b0be95519e3218a892347c671b914f6af4dff0082a38b8d6fe087eccf7f73e64b349f1a3c0b74eee3e677795c13f53bbf5af22fd9c7f608d3be37fc17d3f58f1c5d5e78bacf50f87f7ff11a29356b49af2ced64b5bb92d3ec39794c6d2b2fce25c6e019c6cee7b1fda83fe099979fb21fc26d5be2ddaf8e5b52f09e8b6da35d5b68d751bcf18bcba9555a2f9e6736e61df6ce8ca8e584a76ec3c9f3309f479c4e072ecbb0f47131955c14ebd472e4e5f6bed52b46fccf96dcb6bb725e4ac6f2e20855ab525256551456f7b5ba9edffb40fc4ef0ff00c32ff8291fecf363e20921b4baf19f86bc5fa16892cc768fb719b419d6204f01a48e09517bb332a8c9600fcd3f1bbfe095bfb41f8e7fe0b3fe1ff8e5a3fc4382cbe1ce9fa969f79b5f51b84bbd3ac2048d6e3494b50bb1927db20c86d8c27667f9b21bce75bfd95bc1dff053efd94358f8837bf1224f07c5f01f5dd51fc5f7ada535edd78522b4b26ba134113cf13cf1dda471aa67c9612a01f31420e97ecd5ff04cff0012fc54fd81b49d6b43f8c1e22d27c57e36f86c7e22477b35bdc5e49669e618fec29fe9048dc590f9ca370d8404e723cce11f01f3dcbf014f1184c5428d7542a61aa46ad155538cea4e7cf0f7ec9da496b7bb4ee9a7ca7463b3cc355afece7ef43994934dc6cd24acf4f23ed5b1f88be1ff00177fc1506efc33a5b4171e22f067c3295b5b3190cd6a97baa5a496d6ee472182dbbc9b4f459d0ff157cbff00b17fc67f177893fe0e19fda73c1f7de25f105f78674df0ac7359e8f717f2c96366d13692a8d14258a211e74bca81feb1bd4d78e7c6bfd82fc45f037e1afc2af1c780bc51ae47e38f116b373e1bd6f504b468a6b992da0f39ef6e9c970e08729b6456fba84b1604d755a9ff00c1193e20783fe10f853e3127c44f1458f8c3c697302ea8d716f716fa869b1dcca3ecb235c094197cc8915cc4e42c6de546c0e411d597fd1ae585a18ac3c717192ad845422e506dc67cf19b9eef46d3b24ee934aeecdbcaa711f34e1371f86a393b3d1ab5adfd23d9bc29e37f8f9f06bfe0a11fb4f6a7e0df8671fc48f84edae68335e69f0ea7169bac2ea2fa159f9f369c66021b8d902c1e742ee849306c6cf980bbfe0a27fb3af8165fd96353fda67c3fe019be19fc56f07592f892da6bbd2e2d3751be72e21974fd4e0899a39de78dde10e59a456954a480120fae6b7ff04eef1a780f46d0f44d53c7da5788b54f11789ffe117b7d5a0b436d6da985b7667bc9123998c52a3c32c2f002487889560080bf267fc1503c2da97ec6bfb3ee97ac699e36bcf1858f8ea6bdb0d28ea1a349a75d5a5c59ca16626de57738462863946769009c30527e3e9f85f9f61b37c356a718d29d074295574dc93ad4e10a74daa8b9dc6519a49c9fb3568ced253e9e97f6960961a52756f7e6924d6cdb6d59d96a9e895ccaf07fc67f885f16af6eac7c33e45acd0b4d017b5962914959190482565db1afcbd487e4305ddc1ae67c4ff12bc79f0efe2c49e14f1978f34fbabc8aca6be92ced75569e4b35f95b129112053b1c601c1da1485e7264fd8e7e3ae9fe05f042dadb41046da9325d5bdeccdb62921f2d1161da305644657dcac4104938c104f07fb6f7857c13e2abcbcf1659ea763a578d2fe712ea1a8457930866b548a4324722a97451c2be7616ca9c6335fd052c0e4781aeb2ba587b5493d5a8691becd499f198ccb7119865b3af8ec4b5ce92bf3db56fe18c63a2b2d1757bb6775a57c7cd056e649ae35ab83e4b6f6758d98c993f31527ef1c6739e6bf327f690f09eb161f19f55b1874cbad0f4f8cc5f66b251fb99213180b3a81f232c9b77ee1d73ea0d7a67c02f17dcfc5df15d968f6be2bd3f4b6d5330a4979f7988218246bde463f746416e99c9c1faf3e3bfecc50ebff0f3c17621a6d7ae34f9fec76f71043fe9d2a431f98f6e3049659114e07255b6e09cd7d865d5b0b956614b0f886dba975d74d37edd36dcf8ba79761f2bc47d5b2ce69caa2bc936dd95ec9df45f13d56fadd9f4637fc155fe1c9d56ff004dbcd66f2d6ef497fb31d41ace47b3d5da3015ee2068c33796ee18aee5008c104822be1ffda57c41e0dfda57c69a9693a0daead67e18f157891fc49ab5d3c9b24d575136c220d1ab0cc5122090e0e199ae24242ed515f4afc71f869e01d23c371cb269369a4c68778b8bab9023f2c29c81b8e3d0e7b62be42f8b7f127c3fe0ef1fe83f67b8862d3ede6dd24b1fcd1aab2100e573c1c8e6be1b0fc798dccaf86c1d271934ed24a5d13dae93bfc8fda23c3d86a1fbead2ba564d3b7e36bafc4d0d53f63af87fe05d2e29ac74366ba5e56796e259248fb6412c71f85731f0a7e376affb2bebb71a7cb6126b5e14b975610ac8166b42abb43c6edf2f2a15591ca862a18329241fa7343834ff0013e850b178ee6de6895d24470cae08c8208e08ac2d5fe05786f549651731e636e9f39507d7a03fcabe132fe349c554c2e71cd5a12d24a577d7a754d74b1ef56c9e84946787b41c76697e7dd1c32feda9aaf8bac7575f077893c4fa169bac5cda473da5bdc8b627ecec93dbbc8a92632b3ee747dd9564c8c574f75fb75fc42f83be16b9ba6f885e2cfedaf106bf278a752bc8f5496392fafd82c515c3ed2373a5bc504409c8db10ebc578afedaff0d2f3e127c2eb5d5be1ddbea5a7dc59ea2936a77566cc6ed200ac558329dc104982d8ff00649e01af9c5be217893c40b770f8a3529efee2dd60bb134cc187953c2258c971d72a41e791d3dabf4dcb7074735caa94f2f7ece8c5db9549f35a37493b7772bebbe8ce0c6e6942955586c45252a895d4acacefe5f23ef6fd927f681fda0bc6fa37c40d3fe19f88b5cd534dba6d63c77e28d26e3c43158d9cf1bdd117775209e458e42ed3461e300b4848206724f7dfb665ff00edddf1c34ed3fe10f88fc2bac68a97ba94da65ae9f75ae5bc90b4f676d04d232b19da38e18adeee2713b38876b39ddfba6dbf37ffc1393e2e6b9e147bc9bc39a82e9f6fe27d1eeb43d4c49636f76b796334e1e488a4e8ea033451b06501c6d0430af5af887f1aff6ce87e2c69baf59f8e478d2d743d6b53d6b486692c214b76d4240f748f04b1c63649b46e87e784067da00770ddab8aa8e16b4f2ea95942ac5dd7b46945abea937d6d7b5fad8f1ab64b4eaca18849284974e6dedbbb2dafd8ecbe08a7edc5f087f67c5f0ada786eebc59e03b8956261a778aec6e748b8f324bb559b10dc98d62964b2b92640cb0bbec3b774c85fa0f899fb37fed5df1534ff115f7c74bed53c3be04bb974fd3356d16dbc4f69750ea2f146b2dac4f141349e618d5a360c4663dc0119c15d4f007ed57fb505dcd66b35dfc3bf06e956a8f12456b6e8cd6f148b70af0adb5bc6909402eee3086508bbc103289b7d0f5ff00db175bf89761a9e83a978c341d5aeb5f585b53582d74e86f2fd60dbb3718504a514a236338dc32724927e4f893c4a4f0752861f9954b3f7a0e3249d9eada7a6b6f457f20c2e43ecf109be5693d9dff0055a9e41f197fe09cfe38f0ff00ecb3e2fd0be1ee83ab69137c53d36d5e6b7b1f12c76b0f8a4c26d65b7fb62b5c08e50bfda50b0130e0dc37f75f6f977c16fd9fff006f6f803abe8f63e119bc7de1b5f0bd88f09ed97c5367671e8f670cfa8ef4632dc058ad565d32fe4ded8882c624562b344cfed3fb4a7fc14a7c45a3fc28f112e93f11bc3b67a94496f3590b4b5d34b5a4f6e6dbc84b7511911a1fb15a868e30124102875600d67fece5fb73fc54baf871a44775e349f535b1b78ed922beb4b5b8496dd45ded81f7c443c216fee9446f94d92ecc0548c2ce43c5d0cb32875eabad3bcda4e7beb15b5ded7d56ba5ede67556c9aae2aab49535a2dafdfc91e43a4fc51fdb7be13fc7bf1cf86eebc4de2ebcb7d274abbf17789740b9f195ac916b567f65fb45d5c460dc05d44c9680becb66919a21b9400173eadfb747fc149be377c03b19bc27e2d8f59f0febde2c8103489e2b8b5c895adee65819505b968c4f6d736d3c2cb9dd14d03294dcb5e850fc74d735af126b1ad5ddd598d635cb3fb0dc5dbe976a65b787c9302adb662c5a94859a246b70855095520578bff00c1446d6c7f68ef871acdeebd0e93ab78abec125be9778f690dab412c93cb70cc161545df2dc5d5c4b23119924b895dcb17635e9657e2d60b1352186a94e7cf295afeedb95bb27f16f6b37a7738319c3738dea45ab72dedfde4bf2b9e4bacff00c1413c4fa57c3cb8b3f18fc4ef11daeacdadff00c252d6da7eab36a3aac57e6158ccc0ab88ade62a06647666258b6339274be20fed87affedbff0008078cae22f157c4af11785658f4d487c59e219a65b78653852510c50ab311c9eac700924d7e6e784b505b5b9f2e40435c12acc780b91cf1f5c7e55f4afec91aa69361a86b5e0fd26d7c67e2a97c4fa6037761a5c32a959c7dd50b10dec10b1f9bb9ce318c9fdabd8c2fcd6d5daefbdb6ff807e7d569f3fb93dbb1435dfda96ffc49e208b48b3b1d3bc13ac7dabec939f0e5dccb697858aaaa48a25753b096f991b27710738047d7bf0ebf6299bc49f0a354d37c41e209a0bcd6ad9ede5b9b784c8d0075dae712310c704fa1ce39af83fe207ec5df15b4fd72e350ff00855bad786ec246fdcc73298a4d9fde2246f3093d4902bea5f873a1697a9fecfda441f1324d6353f113abcf737c3c52cb2b1323346abb8e1404da3e43824735f9878914714a142787aee9a72d528a949b5aa6936b456d7e47d970cd3a352338d4a4a76eada495f4dfa3d5dac7987c35fd95a4f835fb71f877c2be20beb3d6a3d1f5286761a65b7d9cea31f95f698810487cef4008c95c8dbbb0413f526bff001875583c77e1cf1e787ef2f2cf4fd0ad0dcd858dddb981daea492379b706c85da20813201f9830ce01af9dfc45fb4f787fc31ab69fe1cd0ec75658b4ddcf697f7139d42e6300eee24760f8c2f077150000057a96a1e25d3fc63f13fc33ad4b717d79e1df164b1dadf168d960b3be4cfc84ef3e5a4a19df8eacad5e4e619866d39d1c455838d451d24ed76d6b26a0ae939c6fdda49aea8ce9e4b81ab8b8e2d4b4a6e49a4f4b4925bf5b35afc99fffd9);
INSERT INTO `pelicula` (`idpelicula`, `nombre`, `imagen`) VALUES
(5, 'DC Liga de Supermascotas', 0xffd8ffe000104a46494600010101007800780000ffe100224578696600004d4d002a00000008000101120003000000010001000000000000ffdb0043000201010201010202020202020202030503030303030604040305070607070706070708090b0908080a0807070a0d0a0a0b0c0c0c0c07090e0f0d0c0e0b0c0c0cffdb004301020202030303060303060c0807080c0c0c0c0c0c0c0c0c0c0c0c0c0c0c0c0c0c0c0c0c0c0c0c0c0c0c0c0c0c0c0c0c0c0c0c0c0c0c0c0c0c0c0c0c0c0c0c0c0cffc000110800f000a003012200021101031101ffc4001f0000010501010101010100000000000000000102030405060708090a0bffc400b5100002010303020403050504040000017d01020300041105122131410613516107227114328191a1082342b1c11552d1f02433627282090a161718191a25262728292a3435363738393a434445464748494a535455565758595a636465666768696a737475767778797a838485868788898a92939495969798999aa2a3a4a5a6a7a8a9aab2b3b4b5b6b7b8b9bac2c3c4c5c6c7c8c9cad2d3d4d5d6d7d8d9dae1e2e3e4e5e6e7e8e9eaf1f2f3f4f5f6f7f8f9faffc4001f0100030101010101010101010000000000000102030405060708090a0bffc400b51100020102040403040705040400010277000102031104052131061241510761711322328108144291a1b1c109233352f0156272d10a162434e125f11718191a262728292a35363738393a434445464748494a535455565758595a636465666768696a737475767778797a82838485868788898a92939495969798999aa2a3a4a5a6a7a8a9aab2b3b4b5b6b7b8b9bac2c3c4c5c6c7c8c9cad2d3d4d5d6d7d8d9dae2e3e4e5e6e7e8e9eaf2f3f4f5f6f7f8f9faffda000c03010002110311003f00e57c3fe2bbad0b5566b8bcb886d66900747eff0041f8f6adef10defdabc4891c466bc5ba1fb865ddb1f3c6782391ef55fe2cfc3e8bc61aa69715e491f875ae2e61b6bd9666c476459d43ccc3b2aa9de473c29af4ef87ff0000fe1c6817ad06a5f13a4fb0add4573a748d3c71cc6d4b5c9dd2a18c32b08c5b49b4aa9625a3182ea57f66c666785950551fc5256b2d7676be9f7fa1ec60e8d6c2e23d96ad475beba5d6da9f37fc48f0beb5e0cf15b47325c6c41bd0b49cc8a738e33fceb1349835dd3bc496d25c41324cb872f92d24809c86073e80fe22becff8e1fb327c39b9593c410f8eaf22867b6332b6e8544ce2352aa176331dbf39604a1936aa46599cb47c8fc2bfd9f74dd7f4ab5d79ae9a496181229429f3363f2493bbb9c9edd00c75c5706238d6950c2c2528f35fdd765d7a1e865bc370c5626a38370b5a5abfd0e4fc31e1fd435592dee84d25add4cc5a31236dc74e3db19aeabc79e15bef14c30db5d48249ad946644c9f31c374ebce7ad7b0597c0eb6d52c2d6fe1963db6f1ffcb6fba39cf2b8e3f1f43cd75daa7c0ff86f6226d63fe1328ce9ebb11aecccb06c6df6cb249878812a15aedd40192238f07924f894f88215ebaab6d63b69b1eb633071c352749eaa5abff827cfa24974ef0cc7a6daef9358b9cdbc56f028677da486c91c678c1fa9af29f1ae90fa3785750b392ccfdaefcf9914939f326936382c41078ce31ce32057ad68bf13f47d13c7973a659ad8de588d5a4b6d3eff00cd50c63f33092070013b942b12147de3c02715bd2785f46d735a97ef94d3ae4c4b6ac18433eddc03a9dbf3753c93dfbd7d151c57d5277a91767695ff0023c0c453a59950fdcc95fe1b763e13d72cee2d598b3490ae4fca188ac79dae240009665fab1afaba3f867f0d75af8b37769e3cf125df857428e1f305f5a0dccd22dc401e2c18e4c6e80cfb4e00570a4e402a737c1ff017e06f8a3c4fa3e9b278eb5f325e88bcf368c2e272e4cc675687ecc0c29146b1309434a243211b502923ee239f518c139425b27a45b5f79f8d63b2d9d1af2a6a49d9daf7b1f2fc934c768dd3367bee3cd4e96b7570176cb2ede9b4b9af71d67e157c24b2f0c6ad7965e3e4babab7d3eea5b2b117aad2bdd086c1a18dcf90158798da987da464436f83f3e5bc6e0684395696152cdb4e581e7d3af5e6bd4c263e9e222e514d5bbab7e678f569ce9bb4bf0d4cbbc4bbb718f3241cf2db8e0565dccb29405a6b8c0e080e6badd5a185a60af347192b9da4e377a9fa7bf6af4df849e00f81bae781f4d97c61e30d7749d764665beb6b76511db04bfb742e098183799673cac8031224b297208745abc56321421cf24debf655d9a51a6ea4ad0697abb1f39dcb5c10333dc7d7cc3554cf38cffa44c3eaed5f5a0f83ff00b2dde4f6d0cdf133c456f1adcc88264f31deeadc4cc564947d8f6c4fb0b2808082218dc80662a9e49f1abe1f7c31d07e19c1a87847c60fabf8824d5218469ef3c92f9ba73d9ee172c4dac4914df6847dd08924d8b2a005c2991b0c2e7742b4d53509abbb5dc5a4764b0f251bb92d3ccf22f3e653febae3f190d23dd4c5c0f3a6e7fdb351c92ac65ff791ed4e58ee1f28f7af6cfd9dfc1df0475ef86eda978efc67a8e9be2db5d5248a1d0c48f0d9ea30eeb43019264b795a18c917914ae096512c2eabfba657f43198b861e97b569c95edeeae67d7a2f431a545d4765a7a9e2cf71363fd75c71d0f9869d04f389399a61efbcd7d17e30f859fb3543a25ec9e1df8a3ab5eea4f24b1d85bea4cf656f21093ed6924166e5541585f01724b18b0bbbce5f1ff008e767e09f0dfc5ad62c3c03e216f13784d6446d2afa725679e36891d83ab4711de8ccc84f96a094240c1e30c2e6b4f133f67184a2ed7f7a2d76ff334961e505cd74fd1dcfd87f84be34f02f84bc0be16f0ef8820926d4b46686eeeef2e6d1e69088b5a82f5a2db8daead0467e7e480367438aafe12f8a5e0dd05b42d1350f32eb5ad3ef6f6fe5be9b4f6cca665d600f265962df149bae6ccf9af9dcaa06d0d17381ab6857b3ea4abfdab25bb100c72fd9f73c6d920a82c0007071d071ed5a3e0eb28a496e2d75e48ee1ad59e6892491564039f9b8eb8c1e0608c0f5afe45a39a579d3556fd354af7d7aad0fe9aab94e0f9e51936aeee9dd5bd3ab3dcac3c6fe03d67c5d6f716735a5cda6972def99696b66226cdcced246caa54c7c44db4b678391c0c541e276f07e81e1bf0be9f616f6292691a919f6595b0b684c73482590a85e4aab80155874381902be7ed62f2e343bdb89b49bc4b55bb8b6982e142b3005b6f4032406ce697e13586a5793af991aadbc2c14ba290d92473e98e7a922bd778173a3eda55128e8ecf7bdbfccf229ce953aea9c14b9b5d7cb55f9773e9dd67e2af87f53d4a78f46b88f47ba537b3477b359168ad2ea744db305032c0619405e57713839e394d73e357816cf52b78f4fd3aee0167aa25d446d2d3836f2eb3f69ba57006d2a208e32aa01044d2c75661f02beb3a5f9642a43df69dbc8e8702b3f59f82f16a2819a4bb9a4e188932546d1c0fd38eb5c783cca8735aa3febb9d35f27872fbad9cc0f8c7e0af0bf87b53791ae1357b816e247bab2959a658b52d4ee9d4944e7315dc3c37ca70aa4feef02b7c3efda2bc1fe0df8cfe37d5bed335de99afba35adc47a6c8abb5af2390abc4407f2e38b21e3e04a032820be4f33f117c0135bdd797785a4dc0ed0e773609ce3a566e9de02b79d5777eec0e71d33ff00d7afd0b0782c255a1ed25293e6f3f9f63f3dccb135b0d56587a4d2897ef3e3d7866dbc3da64675fbed23568f479acf4ebc8fc3c64ff842e46d1e2b3748828fdfacd7aa6eb8c01b72d86622b0bc4ffb4bfc37baf0b8d2f4fd26e345b58aff0056bdb7b5934bf321b44bbff84844690a2029049fe9d625d90b0641b06040329aff00c3386e9992184c8d92327a715e39f1e746bef857e175bdd37c3f71ae5e4922c6b6f13ed032c17737720bb46bc0e0b02702bd2faae59469fb5af39462bcff00e0799f1f5aa632ad6f65462a4e5ff0e7b2e8ff001d3e16eb1e30d0b506d435bb3b3b51a75da58c9a4492dbe876fa7ea7a6df5be930c4bf2ab14b7bb8bcc8c98dc98ddc82ef8ce6f8bba0de7c3edba6f8b354d27518fe1ac5e15874c3a65dcf68978d1431dc3c807eecb0549846c802f992891b941bb80f8156cfe32b6b8b1d5bc352683ad431473c96ef789728e8e5c06565c7468d8104641c75eb5dff0088fe132d9e99e6430ee6552d907033dc0e2ab0f0cb6aa552854934f6d55bd2d636a987c5d1e6a788828c974b1e63fb247c678ff67ff05c9a26bd71ab1d1e4f15699aa8b28a3fb4431411dbdf24f37964ec664b86d3e7f2dbfd635a27f7011d4788bf69bf87b73e12d6209f56bed5bc4569673d92ea577e1d32a78beeaef47d334f9b519919be50b358cb33c729df2ab8e77b3e398f10781edcb7fa45be771edd8d715e2ef04c16a3ccb7836b7f7fee81fd6be82ae4f84c55675ea36a52decd25dbb1e2c71b569c39236b2ee7ac78a7f6bff853aa78d3569fc45e2af156afa6cde2fd23c50d696d617b9d567b58ed25b88a4f3e4225d337db3476d6f3fefadd883b8c5248055d13f6e5f837a6f89ef6faf61d5f51d37c55fda52eb36d71a4859e393546f0c1bb9176e53cd47d3f54990a7ca1d620389067e55f1b7858f98efb55429e71dab86d63416887fbded5dd4f8470728af7e7f7f925dbc919c73dab197c2bee3e97f1dfedc5a078c7f685f81bae6a1ad6b779e17f877e2dbcd6b5182681d92181f5fb9bab768e2e7732e9e6de3c01955411f45abf17ed95f07bc49f0a7fb15d6fbc2177a778696c6d74eb3d2ee2f62926b8f0e6a1a349047348ed2016f2de45399252de62a36d2cf85af8e6e748309caae3d31daa95c692cdb76a8e9cd774b84f0728461cd25caada3b68db6fa79b059d554f9acb5f23f40fc59ff050bf8373dcfc44bcf0cff6e69f71e2fd021f0fd9c573a379715b8b283c4705849347112b2c4b15e6908149dc0c42461be1c1f2efdaa3f6ded0fe3efece7e3bf0f8f156bd3eb5ac6ada25ddac7796f798bfb6b6d234d86e222e8e22ff008ff8af26db3ab0258c8b8770d5f27dac32c00b48a5b1d702ab93b266ff00685185e13c1d0a8aac6526d34f577d9a7dbc9133ce2b4d72b4ade47ec06a9e1ad4f50bb926fb33345237cdb636c2b7b0391dfa76aa87c1f75ae5aa431d9798f1caae277432498553f2f1dba9eb5f4fdae8d1d85bf92d1c813a10bc83f4cf4abf61e1c86f2150cecde5fdd180a71e9815fc4b478c2ac348d25a6da9fd355303097c736ee7ce517865ae60842e9f6f35c47d19919958f5c1e715d5782ffb6b4057fb42ee50db7cbf2030c1e002d8f5af623e17b18376f88c51edce4741eb81fe14cb8d4ec3c3d68d2476b34ccb90a19769e3dcf6f4aeec3f1257c4af65ecff0010746943df527720f024e9701a392168f9da31f7411db0391f8d74f2f871a6552aabea38c67f2ae32cfe30d8dbde29974b8e16638f31582b01efc7f5aececfe24e972c23cbbb8db70c800e5b3d30077fc2baa583c4a9732a6d5fe6714b33a32d63257f3388f8a9f0a23d47477baf255ae10fcc01da71ec735e1b2785ee16e76aab2a838e7a0fc6b63f68bff82b37c2df82fe285d06fad75df1315d4df48d526d2e04683499d00f311de46459644c8dd1c658a73b8a9e0dcd77e2bf877e32e9d731f8063babeff4612cd733594b6a851c955f2d9c0462d86fbac4e01e057de6439d54c152f65596bd3c8f86e28cb7ebf38d5a52b77f33cdb57f8fbe18f0e5f476b37db2f3b3dcdadbee51ebd48cfd47ad65fc5dd6bc3ff15be1b2ae86c6f25b7bf89d83a796ea57e65c739e4e06471953ed581e33f87575a3ea1b64b3b88e3eeaeb823d7048e6ab6a9e11baf04e9e97cd62c20d4a2c488c3e5993b129d78ea0d46798fad568f273ab49ad2ddb53b3847078786214ead37cd14da77d3b6a9ee6efecd5a559cba56b16ac60b5b8b5bb12b34b3743285054bb1cb12ca38ce06062bd88f8265b8b1116f568dd72318f981ee08eb5f2add48b7fa71b5b3fb3dac3bb73a1765690e73ce71df9cd6b787f55f1169710861d6b56b3b54e0a5b4ccbb00f41d3f4a592e655a851f60a3a2f33a388b28c356c43c5caab8ca5bae5bad3b3ba3d73c57f08e0b47cb439563c915e6fe3bf87b02c0de5c3838201e735d77c38f8b3ac787bc6d1f86fc4fa836b7a2ea8c8963aa4c02cb03b60a6f3fdd390ac1b2558e73b460f7de34f04f96648da2dcd93f21f948c7d7a7ff5abf42cab3e72f7a6ed6dcfcaf32cb7d8cad4f54f63e2bf19fc3d612487cb2c14ff000a9efd326bcff5ef87cd26e0632d8e41c722bec6bff83f36a9ad6a4b8516b6e238e32173b9fe6673f4c326076fc45737ad7c0792d14c91c2c71c678e2beaf2be2cc3e229f3a7a5da5f2b2bfdf7fb8f2f11c3d8985549abe89fdf7d3eeb1f10f887c1ed665be4c28e3eef35cadde9a63381eb5f5d78e7e0925e48ff00bb68d98f395e2bcafc45f02a5b5b861b06d5ef8c57d6e1f34a138e8ce39e5b8852d11e233d9e220ac3af5f5aa335aac6ff002a7ca2bd0bc43e053612365597db15cb5ee92d016186e9c0c57a34eb466b46632a72a7a491fd0cd9b5bdc46b2798bfbcf422a49b4ec2968c2b6df51cd725e1f82e20d39120675cff0078671f9d68c5a85f4083cc923273c8c60d7f9d185a2aaabc4fea5aca54e56b972f516345660cad9e463fad51bdf0ddbdeb34ab1c4f2483f88569412adcafccbe67d6ae5859c2cc54a3c5b7938e457a9468ce8fbd123eb0a4acce1756f863717f70b855f9bb2f6cd7c5bff0568fda22e3e087c3f6f87ba0c8f0f897c4d6ec2f6e53ef69d625583b02bc891802063901b20f35fa3680a47fbbdadb78cf435f919ff0516f0ddc6b3ff0523f19477c8d3422d2ca4b64cffcb330a3e17d38dc2beb32fcd71138f24f648f12b65b87f68ab25a9d37c24ff825641a9fc36d7b52f18f8d9bc4de2ad4a05b84916532c3a1de4d2f9f334b23b6e9a67688c4ec9c02ef8321c32f61fb2378617e16f8dffb3f5880886e10d97da031db6e78dbcf4dbb80c7a74e0723e80f0ff83b43d5ad7ced315a2b2d62417312a37ca21645650bcf1d57a7a9ee49ae917e0958c6cab6f6ea99037019c0cf41939ff26b9f038bad294a55677bbdac95878ec3d3845460b5efdc65ef832face5936b3ab742a7381f86715c778dbe1ddff88250d72eeedcf207f8e6bdebc25e1cd5ee6ce3b36b28ee56d9047f699a4f2d517a00ed839ec06013ec7ad790fecb3fb67780ff006cdf88de3ad13c236f7b2e91e0ad486911f88270b1d8ebb70a0f9ad6ff00f4c830c2b124bae1b0a1973ec46b425ac91e2423888ddd36ec8f393f066679d63118dd91f36cc63f9d5a3f0be3b32628e0dcbd1dbbb9ef8afa5be25f852c7e1a784352d6b5054923d3eda49d6dede48e4b9bb6552cb1449bbe691c8daa38049ea2bc57f63cfdab3e1bfedd3e17babef055c5e5bea9a6a86d4345d42210dfd929e0395c90e84f1bd49c1e0e0900ed1c5461f02b21ca8e2abfef6776a279ac5f0a21f144374be5bac6259a00a1beeb2c8c99fa8c0af63d6afa1bdf0ffc37bdbc5db37892f26d3ee980e15a1b3b896773edb6dd8fa61bd0554f86daa68769e2ef1869b79a8d9d9df693af5e3245713245e6c058659771f98062e081c838ce322bcc7e21fc5eb04f8e7f037c231ea163796577e38be172609d66455bad2e6b4f29b6e464b5c671fed0cf06b8f1198d66dc693b69fa1df432fa32847daabb4cf5ff00047c3e69249aeaf2dfecfe4421a60e42a2cf738b894127a08e336ca09200f9f35c9787fe22f81fe324b716fe15d72cf54b8b689e6610860c23599a12f8201dbbd703be0a9c61949ed3f6b1f0cda7883e1dff0063c737daf4af3c5cea70c771e5b5d0ce445215c108fb76b05c65370e95e61fb0c7ecf5a2fc3af16f89f56b5d0f49d3e4d56ca386ea4b2f3e21348252e17c891ca42157f850724ae48e01e3cbf3bc4d2ab0a317a2b5edadcf7679561e5879d596ef6e96327c77f0db73332b2b1e491b6bc9fc43e18921f3035bb15c91f778fcabecdf16782a1746658d4073d4d703e26f8716af17cd0ab16eea3afe35fad65bc4568ae73f3dc6657efbe4763e20f16fc2ff00ed176cc655472719e2bcf359f848b14aefd157ae475afb7fc63f0b238e0611c615981fe1cd79178f7e16dc2d948aa8aa57272a319afb0cbb8aa9ca6a1cd63cec4f0fde1ccd5cfd06f0a6ab717966a89b5769c92a7fc6bb0b0f2ae76c9242abd9891debc5fc03f101754bd0b0c5b5463255ba1f7af60f086aed3dc7925dbe65c8247f5afe5551a75a2e787b58fd3ea4e54df257f88e96cf4b8e46c2aa7a838c57867ed67ff0527f803fb10ebbfd93f11fe24687a27881a159ce8b0896f75254600a33c10abb441810419760239048e6bcc7fe0b05ff000515d7bf620f82fa6f867e1ae937de2ef8f5f135a5d3fc19a2699a6bea7756c883f7fa8b5b46acd22c2194221521e475c8644940fc5ff0a7fc1bc7fb6e7ed21abdd788f5af02ae937daf4ef7f77a9f8c3c536915f5ecd236e7967412cb71e6331cb798a1b26bd5c0e5f1a90e7ab2b2e872c71108d4e69eddbfabfe47ec068bff0005f5f80be25b88db49b6f1bea96523edfb4d9585bccb9eb8dbf68df9c738db9f6af0df8d3e3df0dfedd7fb60693e23f867aad9eac9ac241a49b4995adefa258a18d9ee2789c02b0fef6540413ff1ecdfde4ddf9efe28ff0082007eda3fb255e7f6e69fe09d17c451478f357c3fe27b39da65183b7c991e295f9c63629604640a6e8de2af1b7c33f1f5a5d6bda1789be1cf8f34d2b7e6cb58d367d32f1f693fbf449154b74c3141b5c12c0f515cd888cf0adba32525ebaaf5573f5ce17c8f86b89287b1a4ea50c4a5d65cf1979aba4fd52d8fdd0f837a2ae96f16930cd11b6d24f9311650648d57231b871ce3b6719eb5ec5e19d2f7a6d9570f9c907b1ef5f99ffb1fff00c15d6d746f16d9d9fc43b185b45d6182aebd610666b19880192e22407cc4c9c878c06da47c8e4961fa8de01d7747f883e1db4d6f42d42c758d2ef17315dd94eb3c320f675241f7ee28c0d5bc6ccf89e32e11ccf26afecf1b0f75fc325ac5fa3fd19e6bfb61f8db50f0cfc3fd2f47b3b7d423d3b5932da5f5e5b318cc0aff002b10e39490a37ca7b11ed5f20782adf5cfd8efe0e58f867e159f065d6af636e6eb4cd36f94c71ddc6cdc480a10416c82491fc40e7d7eb9ff0082847c536f853f0492d6cfc9975cd61c7950b8e918eb91ef5f1cfecf7e3dd2744f1d693a86bd6f6ed71668622f32ee8d9188263279da3214827805003c126bd48395f5d9687c9d3e5f65c8b7649f12bc3ffb427c52f84b1eb579a7c56ba86a135bbdc5acf76b671188483cc70ffbc77d8a58a84196da00037607d29fb347ecfdf0f34383c2bf11adb455b1f1a5e58dc586bb756574545e34913f9cb36c257cc2e2325931970adcf15f1bff00c1477e0078b3f6dffda134cd5bc13a87882db54f974d36696b32e9f7b6cca4445594140c84921918ab0241cf047dfdfb297ec81a7fec83fb37e89e0ab36fb4de5b2b5d6a9779cfdb6f24c79927d061507fb280f5c9254e5f67e67457f631c3a719be77a35656b1f3cfed57f0af4b40c23b2fb55c5deeba99a46dea8ec4860075fe1c924e4f7af92f49b8b3f875f18341d466b786de4d06ecea3a79e5512e621be2dc33ca97c020107e7fa57e9d7c4cf8412789a2b97b7f2fcb99c19227c02f83d9c8e323e95f2efc4efd8b351d6340babebdbc92ca1859aee1b3283cb69155fcb694e46082c48c06c6e3d3245727f68429c7966c8a587ab59da1f78ef0cffc1403c31f1dae2d6c7c490a78675ed8c9b8cbe6585e2f24618fcd191920ab82a01fbe6bd7fc0b79aa781e52ad71e4d9df428a914aa661b4312afd7d1db183c8c7602bf2a7c5de06d5bc3fa9fef219248b7f98b818688b1cf5f6afa8ff00619fda2353f030fec6f1049fda5e1990797079ec7ccd39bfd86ea13b95e40ec3a9a78ac1da9fb4c1cad6e874e171893e5c56b07d7fcd1fa09e1db293c6f633b346d135aca6291508656180c187b107a73c83d6a9eafe115865f9b3b57ae6ae7c0e6d5accc73ff65b9d26f22f92ed64fddbaf50c3b3afa639e4fd2baaf15c11adb3371f39af4b29c7626a4142b6e8f2734a3878d573c3fc3d8f18d76cad92466609f29c74ae17e260d1d7c3b32b22899c1c10075af43f1c7c87e5daca012466bc6fc7aaba879cf22fee61c8ebf78fa7f9f4afaccbf2bf695954726737f68354f92c8f64f09f866ead6da1b8b8f215d881b210178c0e4f3d6bd57c271c7730e19597628c1cd733e0df0c7ee57ed0c0b47c67180d8f6f7f6aed749d156cd15907cbd8d7e1f9260ea51c37249bb9f5f99568d5adccd22f687e12d2ec3c5975e20b7d3f4f8f5cbeb58b4fbad4840bf6c9eda26778e06971bcc4ad248c133b433b9c658d7449aaaa4bb770f33696541d58671c7e95896b1b467e5fe235e51f157e32e83e2cd564d0f4c9b545d6f4b7789afedae5ed63b5040f3016560d28c01f2e319039eb9f46f2a4eed9e354b1d778efc7ba3cbe24b8b2d4b57d36def2320082e2e6385b0541046e20639c67d411dabe7dff008288fec25a17ed87f092df48bad420d3fc51a2e6ff00c37ae5ba099b49b8603033ff002d2de5010489d180561f322117aebe13af8c6ce3b8863dbf67c905f86c67b9fef1ea7debbef835e1abbd3edd743916d7c904cb6e24760cbc12caa70463ab01c739e9c574e1f050e6e75bb3d3cb737ab87ab0a89f2a8b566ba58fe7bfe23fc39f1b7ecdbf12354f0978bb47bbd2b50b661e6d9aa992365e76cd0b63f7909272aea08c1c75dc07d81ff044ef847e32f8dbfb5547ab43e20f147867c19e0944d6bc4579a76a33d8c5aa22b110d9c9b58093cd6521830cf971c9c838afd7af157c02f0dfc458a1b3f16784f41f135bdb92618f56d361be8e227a95122b05cf19db8cfbd78e7ed75f13bc2ffb2e783afbc0be0fd27c37e1dd5bc4ba535c1b7d3ad52cd61b78c98d65290a6586e332e02f0118e7b15986269e05aaf5b485ecdf6f5f2b9faa63bc48af8fcba795e1e973549a6af74e3e6d27d6d7b763e78fdac3f685b9f8d1f17b52d43ce2d611ca62b443d1514e0103dfafe35c7f862182f6ff00cfb80ab0c272dd8b1ed5c4f856d754f1ad9acd60de1fbd2cfb113fb552d65661db65c889b3ea3157fc4b63e2af0843221fec987c40b0bfd9a186ec4dfd9d2943b1a56688c3e62361bca1e6336395c1c9f47fd61cad4631855526f64aedb7e9faec7e3b4f27c739f2ce0e3ddbd124bcdffc39f68fecbffb78fc0cfd9d6c6fbc23e2af175be8fe2dfb6192f049a74f2416998d76c1e7c68c81973f3024619981e54e3e8fd03f69ff00863f11a341a1fc41f06ea4f31c2471ead0acac7d363306cfb62bf133f668ff008265f873e25fc46bb9be2678b3e205f69f00f3c7f63ea515ade4a5dcf98ccf2c7206918b6eec58ee048ce47a47ecc3ff000457f84bfb7978d7e2adbfc3ff008c9f18b4ff0004f82755b7d2b45d55aeeceeee35c25664b994ee823c42b710491c4570ce159d89dea17d4953ad2d5dadf33ddc650e128d34a8d4afed125776838b95b5b276695f6d763f57bc71f137c33e03b769b56f13f86f478319125f6a96f6eb81ea5dd471eb5f34fc79ff0082897c04b7d326d36ffe377c2f8fcc055d2dfc456b3b007ae5627735f10fc36ff8362be16fed39e14bff0013787be3e7c49bdd22df59d4347b5bfd4347b3bb5d44d9dc35b4b3c444833119a39554e7e609bba30025beff008348fc3f66a7c9f8f7e22033fc5e0f80ff002bc158fd4a839734e5afa1e146b61a2ad194ade765fe67777df19fe06fc59d78daf86fe287c3fd52e663b12dc6b10c32499ecab2152c7e95e91e14fd95961fb3a47e4dbabe242a55b91d8e40239af95f5eff00834e0baf97a7fc7a95b3ff003f5e080cbf9adf8ae9be0cfec19fb627fc124a6835df096bba5fc7ff00853a6befd63c17632dc2ea6968326596c6da707ca982e4aadb4afb9b1be271922a587495a94fe5622a4a84972d17f79fa9ff00b385e5ce8be0ff00ec5bc75fb2d844648a42c36a007e7e7a639cf38c107a66b4f57f1469fe22b79a6d3efacafa384ec66b79d25553ee549c5796fc5ff12d9f897e03f86752f09ea0b73a378e2d21d5ecaed06d5beb478e39613b7d19240c41ef807a578afc06875ab2f8e667b34d4eeb49b68e58b5136b065672e8420604851872a7248e14e39ebe6e133a9e1f190c2b8dd6977d55ce4797aa9879566ecd6dd8f67f1c5c65fcbc7cd267a76af36f12d89be95991bfd1e104fa6e6ee6bd83c43e0cfb743f6860cad3670a486641f51c7e55c6eb1e1092d2d7c8f2fe53f778f5afd6b038aa6ad67b9e054a53b6a8f7eb5f0e4913f991f99b7d0d751a3d97fa1a83b978e466b72d34d8d1cc6d1a8571c1f4a68d09a197e5fba3d0f5afc83df83e6a8b43e9a75e32d17430da29229b0dd73c715e11f123e13a7803e234da95aee4b1f114a2660a9b9a37cfef00f6f9f70fafb57d352e81e7b6ef96b99d7be1a6816f7f1ea9ac3ea17d346a6282096e59940e090aa31d703939e9cd7356c3baeac96da9855ac9a48e3bc2ba1da25a456f0c4de5cc011824ee18c039f5aecfc27f0e1a0ba86f5b31f9049418f99c74fcbd6b274ef1258f893c592c36f716e9711e02dac6ebba2450146541ec0738e9f8577b158dcbd8c71c7332aa8e02f047f5af630b8794229496bfa1cf52a6ba1525d197cc3807d401c57e6b7ede5f161be307c5ebeb38e26b76f095ebdbe937b1b6d9a30a0a4bb4819019b3df07038e057e9d5b5a5cc2cbe61f331d4b0afcf9ff0082847ecc33fc2ff886fe24d291bfe11ff1248f2a0ce7ecb7672d2467be1b975f5cb0ed5d15f0f4eb45d3acaf17ba36c2d7a94a7cf4dda5d0f9fb4df8c7e247f0b43a4df2c7a9476e4336a1a8c50cd2360ee016358d225da7bb2b924672bc0195a35cbfc46d6ae75abbbbb8bebadc6259a793cc6c0277051d141392400073d2ba46d05b51f0735cc30bc926d6dc88371561c15fa835e6ff00053c3be35d0afefedce8f6f2694d70d342b3dc18ee22ddcb2e0290413c80483cf38ae7cbb23c0e0df361e9a8bef6d7ef6756331d5eb6956574fe4beed86fed93f13358f815fb2b6bcda3c6f1eb9e308e4d1b4e9f76d68005cdc4ca7d51244518e86507f84d7ccbfb3d7fc149bc79fb237c13f1c781fc0163716f6be2af0d69ba279c1577e9f2c2b30bab988afcc1d8dc4a171fc2d93860b8f56ff828cf8b238be35dbe8b2426e57c39a1d85a88b7feed249a0177374efe6cec09ff00647a578af8764f1578ce1b8b2f0e7c2fbfbab9894187fb32ccdd4d7d9640163f94924867258e111636dcc0b22b7b94754f43cdc449ab3e87edb7fc119753b4d5bfe09b5f0d2ce38d6dafb4fb5bb17b64cc3cdb532ea1752c6c40e36491c88eae32ac181526be96b8d1779c63dfa57e21fec4dfb44f8dbe0a7c21d3b54d3ae6e345f16f82fc42da7c9a6cb70b25bddd8dca4b3bc2620cc56249e36e0853bae1d867764feb17c1bff828afc35f889f0df45d7b58d53fe1179f54792d6782eeda6782caea30a5e279d11a34c860c9bd977ae76e76b631c4517195fb99c6a26b43d497c31b9f3b73dba5406fac6c6fae216693769f2a47318d33b2464126cff7823231f41227af19d3fed21a1f8951ad3c03b7c7dadccbb608b4f0ff00d9f6ec7a3dcddedf2a18c75232642061518915b5a4fc3993c35e11b7b3babcfed4d4ae1a4bad46f82797f6cb994ee95c2ff0a640545fe14555cf15cb5a9be5ba2b993dcf11fda5b5bd3ee745d36df49b1f216cd6758612816384311f7557d4ae7d318aabfb30e8d6e9f08762c9be437f7125e7aac9900023dd361ff817d71d6fc51f0eabbb6c87cc618545c6793e95c678263baf87dac7936706f8ae1c35e203f2ccdea3d08048cfd6bc4c0de18ffac4f77a1dd5929617d9c4f424892453e66ee781ec2b2f5fd1e38ec4f98a59b04927b0e6ba4f1d788346f851e0fbcf10f8866169a75af05f696695f0485451cb310a4fa0019890aacc3f3dfe2d7fc1763c253f89a6b1d0fc3d7d79a5c6e50dd431add1907a8ccb0a67d91a453d9d857dce070f88c54f9b0d1ba5bb3cfa327eced23f59469bb17a76e7da9e2d8b328ee781525edeff0067db34af9c28c8ed9e98fe75f3ff00c53fda32fbe1b7c54b8b8b263369f6912c5716734e5a29dbef3f3d1181600103f84e7238af2b0596d4aea4a2d26bbf5f233a988e5e973d9bc4be2e87c1f75690490c933ddb6709fc2a3827dfaf4ae7fe33d849afe816b75a7cb22bb472aa386d9b1994639fe13c75f5abd61f18fc2be2fd0ece7b969205be85258d27b72cd16f00805977004671906bc9ff0069cf8c367f0bb5487c396778d3eb12079de14c96863080a863c0cb06cf5fe1f715caf2dc64ea7b192b5f54de96b7e6546b47e25d0e2fc0be19f1078a3f68f87ec9a64da168da6c8c6e5a3560b02a9202ab125189008c0c8c31ed5f5e5846248b0abefc57cb1fb077c65d4bc5baeea3e09d6a38dafa1f33528e4925cce8bf2c7cf2570cc8c0153c98e427241afa37e16fc4cd13e27f86e4d4bc3fa841a8416f3496770aa712da5c46c52482643f34522302acac010477c8cfa78b5555754aa5bdd4926baa5d4ca7356e68ad0de923da3078af3afda822f0ac1f01bc4d77e32b36bed074db37bb96147f2e669147ee842dfc32b395453eaf83c120a7c7bfda6745f815f0feeb5ad4537dcc6ed1436a64da6475009c9ecb8e738afc67fdb13fe0e11f117c53d42ebc2f6be17d1756f0bda6a293c80ccf035d88c9c2061b8606430dc186ec120ed19f3ab62234abfd5e5f175f23dbcb325c5e3708f1b46ca9ded76ed76b74bd0fa33f658f82be31f887af6aba6f879ae2eb54bfb6b77d56fa6711d96891caa582c3851b64db98da53966d9f228da0d7d59e16ff0082675d697676f6e9e2cd3ace3da04af1698d7127b852f22afe2ca73d48af34f847f01aebf6a1f02785be287c11f165f785fc13f10b47b696f60b8d4ae2defa0923431b6f3010247560c7a850fbb8c118fa07e307c54d7be02f8fb4fd5acf5abbf13e81a3e88a9e21d0e2b279ee1594ec8ef7ce5052267764dcb2327cab23e1d558c7df83a2aad4e597fc3fa1e5e2abca9dacedd3d0fc8ff127c3ef0df8dbfe0acff10bc39e262d7fa168bab5d498bb750b7296c3ca01f90305821600018278038afa33e2afc55d2fe12d834d70d0e95a4e9f110238716f05ba0ead85c05c63b62bf323f691f889a8fc4df8d1af78bd6f9beddab6ad75a8fdb74f91d312c92b36e8dd791d73c1e87d2bd93c5df16fc4927c3bf0cea9aa4967e2bd263b54222bb93cbb98e45e06f954e24db8fe24ddce724f353ec269ddab1a55ab17a26743f00fc25f056f3f69ff00176a1e1bd175eb19b56d035448e792f66fecdbd783323496624523689d2d76ac4fb02336d5da4d7da9ff0004c3f1ee8ff07be22f885bc497967a7f86f54d3375cc976a0c2b2c2e0c448c1cb61e451dfe7c0e4d7c43f007e35dbfc6df8b9ad699750c56da96a16966fa04505b33c56d12ac8b730f9c5480eee11c9254b64281b55547dddfb2cfecbbaffc41d4a0b3b7b765b76c25ddd4d11305ac67a963d0b7a27563ed922652973f2b26318f239dcfb3bf67ff00da46d7e39f8efc41a66996296ba1e9b6f0dc69d2b466392e54bb2bb327f0afdc2a300f2735e99ac5a0f2fa7cd8c73d2be75f17c5e1bfd853e3de83e22b89ef2c3c17af6872e957f2b472ddb43730f96eb2948d59b2e02e42aff0b1000cd7d15a76b167e2ad1ecefec2eadefb4fbe856e2dae6070f14d1380caeac386520e41144b95a717d0e5a9a5a4b668f25f8e5aba7c3cf0d4ba82dafdaa6d92b420b00abb1416661f7b0323a0efd4719e77e0c7883c3bf1c7c391eb5a1c3710fd99fecb796d3ed334170006392bc32b2b7cadc6707804115b1fb6819748f85f71a8ab264e6c63563f75650437fdf5b547ebdb9f987fe0931f1266b1f18eb1a4ea5b1aeb5a125b9dbc012daef9178ff71e418fc6b8f0d85552954928eb176bf53d09dbeaf19c7722ff0083833c6771a0fecc5e1cd0ecc98a4f146aad6733290a45bc5109244fa48c610c3baa30e8c41fc6d87c3b3491c9b07f104f941c127dff0003d79afda5ff0082e67c38baf177c1af0bde2fccba3ebf710ef45e893daa32120e413f2639e0915f9776df0d2e1d640b1aaed5c365b1e58072718e9823b679c57ebdc1b469c30168f47afae87935310f45e47ef17c3157d3fe1e45737d233c36f1c8f1e78f2e2c96207e44fe35f287c4df1c47a9dc5d1be9245fed09d8388c0dee59897080f1c64f2700715f57fc50921f0c7c2136f6ced0a5c442db2ca55b0013275ff611c7e15f28fc6ef83eda5f85b45b9bb775d57c4773b42745b4b6c2861f53e6293e814f726be430d5a32ace4fabb244db9524bb5cead3e3c6936167a75e585e6a1afc3a6ddc5e7dadd0f2ef102306d8d23160d9453f38ca9208c0af12f8bbf19ef3e2a7ed25e27f1235bcd047676ed8b6931fba323c71c5131e8d98e0c1c75dfc01839b1f0dede6d7757d4a48d7736a374111507ab1cf03ae03671ed5e8de0efd979b4787c4977e2cb8962bab7d46496d6c2c9d165d53ca65c1591c15486464ca3153b8313c0ac3883171a12a74e1bb4d37d97f5a1e86531f68a739f4b5bccf99ff00690fda1bc49fb2f6bebe34f025e5c69be2e58eef45b5b8fec3fed48a34fb33de96bc2cc12de2c286864915c3cb24cb845495ab81fd9abf69ff00da33e18fc62b0d51356b6f1f78eb5dd74a6ada6e896f1dd7daae26370b1585c4503451dac5f69732c970a8ebb4cdbcc7247b6bd4be3c7837e05fc6df1cc727c4af03fc52f06dddafd934bba9ae35011d85edbb5d0485249e3c2108f2b4bb7631da2421b8ae9b57f85be36f801f1fbfb42eb59b7f825f097e310d4fc1fad6a1aae87f6cbad3676bd9208de2be5b8827b0378923f97751ccd02cbf6790c4dbf78f9493a92ad19adafabbf7f5ff0033ebe3c9f549e1ec9f3256d395fbbaf2a92bb96baede47adff00c176fc27e24befd95aef5cd061ba92cec6f9a1bc740774284a80c46338254af4e0f15f8d5ff04b4fd99b4afdb47f68bd63e17ea97d1e97ac788bc33a90f0e5eccec22b7d5a351344640bcb2148e646186e18900902bfa84f187c38d17c43f0bf52f0cdd595ac7a0dcd83d8bdaf96be4c3084da142f4014018c74c0f4afe66ffe09e3f12ec7f674ff00828cda7c5016afa8787743f116a363e1e8e26da3c417532cd6b0c10c9b4a88f3306797042264fdeda0e98fa4febbed37524be56d0bc8b318bc82587f86545b69f7e7775f34d7dc7ee87ecfbacfc3bff8247fec37f0d7e1ff00c45f1b687a45f78774754b90653249777723b4d72628d46f68c4d2c8aad819503bf15e2ffb5cff00c1703e1d6bff00b3f78d345f0769faddc5dea5a6bdbc77f7502416e892e1198aee2c5886c28c1e79246dc57e4dfedebfb48eaffb517ed4fe20f13ead791dc35e5cb25b42326286153b51101ced50aa0633f5e492785f8b3f10a7d77c116b1c4c57ed131fb46d1ff3cc6dfe6c4fe55d71bad607cbfb18c9b9d5777bfea72765f1423b1f1c4a64d3966b29a43201010b343ea57710acbdf04afd71c57d25e08b28755d0a32be7ed95031e1a2272323729c1538208c8071db15f1e5f5ec3a54aadc315c7cddf15fa13f01f4bb2f8d7fb29685a9288e0d7b4fb36b48ae5b8f3446cd88e4f553db3c83d38c83ed61f1f3a7150a9aa3c1c5611549394373e67f1bf89ae3e1178a65d72d209750bad35f77d9896fdeae55704af2a06739ec707b57eba7fc13fbc57aa783bc2de05f89d67ac6b337833c5989e7325db4cb711906392298648692239fbdf302808e09afcbff008b3e131e07f85de20bdbe7dda83c0c25703e58c13848d7d7e639278c9c9e8315fab9ff0006e2e9569f13ff00e092f1e8fad47fda1603c47a95b089db26243e5b8da7f848666208e86b0c6558d695e1d363a3071f610719abdcfb4bf692f06786fe2bf806d741d7ad6f350b1d4aea39607b19152589970448ae720641c7bab9af9b7e357c60f197c3df17af877c1fa8be8da4e92069f65676d10789238542e3e70599895249279ee7bd6a78a3e3d6bdfb2778e349f01f8c345d53c45a4c52349a06b364c8f3dd5b3491aac2d1311ba44ce080c0f2a0020ad74df117c056f3f8cb58bdf2f74cd74ca72b92aa5c6703b67f5af3a2e9d6ad0a6b46fe2f2fe96dd0f570dfb9839495d7d9ec7996aff1175ef8d9fb2878aa6d7aea4bcd4345bd47f35916321576b051b42e40c920e33871f87cbdfb3678bdfe167c7fb3bc905c7d9adf52b69e711b6d2e92b6c980ff00801703dcd7d51f0af4f9350f0bfc56d0ee595db315ca6d4c06465940f63c20e474e3dabe4bd77429edfc5be601fbe6b727e64e9296183d3a8cf4f7ae2c8652854c4d09ff0037e691e8e3211928b8e8bb7cbfccfb1ff68ff155bfed43fb2378cad5619bfb5fc390dbddc88502b3b5bc8409300e03346f82074646038c63e1bd3be14d9f87fe0b7c46f1c5e5bc7710f83f4c4b9b7b79507977d7b3ca90daac98c6e8c3b6f61d0aa15cfcc48fafff00652d722d4be24cfa6cc637b7f186937169382d91248de61e87fdacfe06bcbfc57e005d5ff63ff8e1e1f82129345a759deaa1007eeecef54be067a6189e7d6beaf21cc9d1957c2735aee12f95f959f3b3a76709be8dafc343ec3f8c7709aa5f68fa56edb1dc3b5c38ce152367c0fc92090ffdb63eb5e47fb44788a0f12bde5d42775be8fa637960374765c023feff002ffdf15bdf1afc5465d73c4b716f2622d3e03a6db313f77715b607fef889dbfe055e7df606baf033c727ccfa8cb18009e4aaab487f59547fc02b8b0f553aaa4fa5dfde672a5cb028fec6de0bd9adadd4c9b56c2c66bd6908e15db31ab7e1bc1fc2ad5bf8ff00c3df0e7509bc1926a5a834de15b68ec25bfbec3645bc6b1b64f720ae09ff0023d13e175d58fc1ff02f8835cb889584935be9f6cad8da08dcc588ee0601c7720678af91bf693f885f0c7c2df1ab4fd6b57d6bc49a1daf8822bb87527dc8fa5c2ef1b8ded2bb298a479648db2c5b062000412367e6b35ad3ad8c93bf64be47d664b8394e8bb27cbfa9da7c6cd0bc15fb46786ecf41d62f3fb5ac23bd8ef3ecd05c3dbb48ea081d0838c3303820907b56cffc147bf6cef08fc11ff8268dff0087fc69a15ef8b2113e9fe1ff002aea441e7d9dd992212bb151958c2185b00b7cf09392e0d71bf0b7c67e13f841e1fd3ed2cc49e20d52ca3c49ad6a63cdbcba73d580395897d150640c6589af46f08fc7cb3f1df896d20b886d66688382258d5d4c676b32107a82523201fe2553d40ae1a3524af07b33bb15869a519ada2eeafdfef3f3f7f6abf8a3fb4cfec593f84fe12fc48f8b579e17d1b56d06dacfc33059ead73ab693a9d8c933db258cf70b6f979123521de64d862d859978f32d78d7fe0969f143f654f0d0f8c1f1b35cd274fd5b4e43a568de19b7ba4bf9e169e39228dd9e3cc51468ab232aa31f99140e1735f6d7c45fdb26f3f68cf0f78cf43b1b1d3669741b082fb4778a5324c2eca875494f0837838014807be4038f96fe3cf8ff00e24fed8ff0cbc2ff0002fc0baa5d7c58d70ddbea1a97d8b6f976acabb120f3dca8f260ccb8791d54177c000851ec51c429b74d277b5aff00a1e2622136bdacad157bb49597aeecfccff1acd7cfe3e692c7cc90b39448d46edc33f77d735a9f1764d4bc0d05b585f58de585c4302bc91cd098d8b4aa24ee39e1947fc02bf6dbfe0973ff0006ff00dbfece5e3cb5f887f1666b1d5fc4962bbb4dd12da73716d65230e6499f015dc67854ca8233b88f96be4eff0083a4e6d0749fda3bc132e8b0e9eb32e87258de2dbc414452c3367cb7006321645f7e4577b8f2f2dcf329d6727248fcaed3e0d47c77afd96936303dc5fea77090c11a7dd2c4f7c74039627b004d7e9dfecf1f0f6e7c0df0db4bf0b6971dc5e5c47124236a9fdf396e58e7819624f3d01f6aebff00e0d9ff00f8265e93f1b74ef157c64f889e1c5bdd111c693e188a7dd1c7713726ea7500825506c8c1e5499241d54d7e957ed73e0fd3fc05e03d4fc33e0dd0f48d066fec7927b29c41b04f7d20922b540df7b644c86693b604592037cd966988861e83ad37648d32ec3bc4e223461bb3f077fe0a19e3bbaf02e87a4e8f771c823f14c0350b4b951ba1b8891d94ed71f2b15704328e578ce370afdb0ff83783e16cff000b3fe094de009ae55e3b8f155c5eebc51c72ab34c553f348d4ff00c0abe11f1dfecedf0f7c61f06e6f837e336b393ec6bf69f0cdcdbce935fd84ad02b7960213b65de18a8190e1f6b01920fe9eff00c128b4bd4b41ff008274fc2bd2354985c6a5a3e9d36973488c5919adeee783e527f87f77f2fb63a573e539851c552bd377763ab3cca6ae066a33d9e9f3ea7aef8d6c2db55d7edee2e6dedee24d37f7f6f2490abb412636ee8c91956c1c6460e0d723e2c945b6b5ab7dd5f31b7f4c7ebdabc67f6c5ff828ff0087fe086a1a1c7a646dac5beb96971791dec251e09618e2664921c902652ea4108c08f94725806f837e3b7fc14efc7df13bc33e0b9ae3c4daef876c669ecb53d75f46448e6b74ba092a6ffb2c733dc5bc71c891feefcb65059dd89fb9863330a34f12a9a7ef25f9f4f538a8c5c63ef2df6fccfbd7e15e9c34ff008cde2fb165755bcd38a80cbd764ac300f53c495f317c64d30787fc5368cbf7fed1243b3d1e5252318ff80e7d78af76fd983c5daa78cbc59a2ebd7d716b7d06b36d7b6d633439f9ad6370b133bee26566f24bef38c8700f2093e37fb5ce8d3e91e28d6a65dc24b4bc4bf4c7fb1b553ff1e77fcab2cb6a4a58e9b6adcf1523d594a3ec93e85df841af7fc235ac786f5db763b347d476b39383b7780bf98563f8d7a91d2a0d0bf6c1d73c3136d5d2fc716977a68c9c2b2de427cb03dbcc295e11e0dd51348d1350b5957fd12de5db11c709b171b8f7c1dae3201fba3d6bd5bf696f147d9ed3e19f8eadf67daa0862479d5439596de404727b7ca3a73f37b9a9cca52a19845afb71943e7f1230a54d4e324bd4eb22d0af357bb92091cc91acc2468db1832a82aaec7f8980c903a02c4f2718eb74ef86534722cad0ab0c2e72fc9ae9fe1f78721896279208e690b96cede0e4e4f07a60d7a7457d6525aed95515978554c0edcd7d242872ae6678756bf36913ca7c75f069fe20fc06d434182e52c6f2626e6de47cec59973b0b63b1db83e818d7e66fc69f076a9e13f104fa1f8d34b9edee2de40eb6f7d1e54953f2cb19390c0120875ef5fb197f7ba75b58ee7db1460004b90368efcd7ce3fb7f68da1fc71fd9d758f0fe8fe2bf0dd878a6d648efb47fb46a30a2b5c21e627c93859119d0920a866527a57975b25a955b9d24efb9e9659c42b09fbaaad72b7d5dac7e5eea9e239ad675f2279a358c055cb7dee31c57a77eccde35235abbd4a6bbf32de2859256dff285fe263d4614027eb802bc034af0feb9f177c05e3ebe6b68ede4f02bcd673436b2c665bfbf8658d66b4458dd831556672c985c2e0658aa9e73e087c78d2eebe09f892fa7f13786fc33a4b18b4efb4eab7a77990bc8c50450ac92827eccc0164191d323358e1f23c649a6a0fee3d5c667d84f66d3a91e8b7eff00f0353e90d53e3af86fc15a06bc7468bfb1f47b1b09f56bc1049b650b0c0163569093f31221897a805940033557fe0855e1fbbf871f183e1d5f58c2f6f278a3525bdd45724eefb44736073ce043229fa9cd7e69fc70fdb4aced345f117847c361758d275f8e186f35311c91b5d471c825312ab05222322c4d92a0b14e40016bef6ff821c7ed672fc2c5b9f1cfc4dd1f741a65aa5af83e3373e494243c735d3458ed108e34662721a42067e61e960723c6569f2d283bdeecf171d9d6128c1ceb4bddb5979dcfe841db07001f9b8afc20ff0083ae742d3aebf6bdf83ba5c6d0d8b7883487fb6dc6dda23dd7222f3988eb88e303d7118eb5f5cfc64ff838b7e17fc12d11ef3588f6bed2d15ac3379d7171eca8077f53803debf0affe0a35ff000566f14ffc146be3bd9f8e3c55e1ff000edaae9307d8f4cd263b7696deded448d22c3296399092c77b02bbb27014600f5b1d96d7c3b4aac753c7cbb30a55ef2a6f4b1fd61fecf5f0f7c27f0a3f67af03f877c06d6b2783749d16d6df4896d7698ee6dc460a4d95e18c99de5bf899c9ea4d7c8dff000560f0ff00c59f17c1a2c3e0ff0011689e0bb8b5d5206b3d4afa4b85b392dfce8de4f3044ac657daae3ca6050866dc8d94922fc1ff00f82737fc16b3e307ec85fb43785e5b3f116a927c366d482ea7e0fb8d426b8d23ecd316122c30c8ccb03a97de1e3c1dca0b6f1953fbf5e21ff82997c3ff0019fc15b19bc49aa7876c6cfc49a7cb35ddb3dcee3a7a304f25416c1926915cb2a20dc02372715e0e7d97d6960fdba928daf652575276d9af4f85f47aea7af94d787d71526a52e6b5dc7471575aa7d3cfcae7e73f8bbc231e89f1a7e28ea979e27b3d6f43f16ea52bf8620b57b8b59343305c3ef9e5f3f64051614da5c153198cc991b1bccfd24f817fb50f874fec1de1bd3ef3c49a2eb5a9f89b489a4b11e1c47b737f03cb22c9f66f954493fdf2ca9b01320236a90d5f20fc31fdb4fe00f89be217c54fed7b3b7f887a0f8bf4db7d1a48350984927d94f99e7f95e6658a963010e83e560872a471f8fbf0f7f6e4f8a9fb00fc55bbd33c11af5f2691a2ea9719d1f5322eb4bd460662a619611c18668c90ca855b12361831c8f170593e3dd058985a3a382b2d2c95b5b5aefb367b19be6585f6cf054eeddf9db6db7792fb37bf2c57647d69ff00053bf883aff83fc4179a8786daf2ff004fd79a5d316ebc416973a7dce8b2bfce6d05ba058e3976a64179a724440a95c10799f807fb427863c07a64f378bb56b7b4d36e2d61d1ad66f2de692d9d952d84fb776eda8b96c03f74373d2bd63c71ff00057ef843f183e0edde87ac69dfdafe1fd5ac21b4d4749f13c42e1cc881dd76c8a5a402293698e562ce3391b0820f8bfc0e83f6519fe227c3df1668bf1a3c77e02d73c3d7493eb105ce87f6e81e547044d6734300017192ab2c395c8cb1e45182c93158a5f55ab4df3c5dddbaaf267818ac47bcaaa9fbbe7d0fde4f0e7c35d37e16ddf86b4bd1d36e9fa1469676e4b06dd188f66ec8e0eefbd9e8724f7af3ff00da5fe1c3788f55be655cade4783f2ffcf30cff00ab3a7e42b63e1cfedd1f05fe2d35add68bf123c31750cae1d0cf73f662c4f3c8955393e9c57b069fae784fc650b3596a1a3eaacabcb5b5cc5391d3206d2719c0afabfec9a942aaa93838e96d5194734a525c90927f33e53b3f8197179e1a8efa36b3b7b5682de09639a566612465959cfc9fc664dd8e83815a9e2bf8497ba8fc0597c2b75359c7a8da6ab1dc69dba4655225f2c18c3e0004bae07bb76afa1be20693637fe10bdb3b788afee1da36dbb48739ebef9c1fc2bc5be2dbde4fe09b8b98e5b85b8578aee142094f3e27599781e8c9dbe95f379c6071f56a45516ad195d5d5edf33d3c2e2a928b93dec7cd3e3cff0082da2687e60d26c749b3e480d70cd391f9151f98af9dfe317fc1727c717f049ff1564da7c1d85aac76aaa3ea8158fe26bf2dbc75f1a2f162916d656924c12642721315f45de7ecf9f0cfe187832defbc756e358995556ef50bebbbc6cca47cc123824501739c00a4803249eb5faee75c5191e4d38d2a186f6b5257b24b99e8aefbec78bc17e1467bc510ad88a98c8d1a3412739ce7c915ccec95fcdaea5ef8a9ff000586f11eb572e20bed4b5cb873febaeae5cc63e85f2c7f002bc5bc6dff000513f89de35b196d63f1049a4dacc191c587eee4607afef32597fe024558f8f7fb31ff00c24d3af8d7e15693e1993c0b069d1deb472df4a6498a0549f6a5d1f346640ff74ab607cbc62b0fc2bfb0778ce5d3b4f9aeac7c3f676b7d24699b6d6d380f0c92872b29621b6c4e480704803e5241acebf1ce19d08d48d4846fa5b456764dc7bdd5f534a3e15e3e962254a1839d492b352519494a2e4e319ad358c9af75f53889be2b6bf73e158f41fed6bc87438d99bec3149e5c2ecc72cee0637b13c966c9e3ad5df105fcf17c33f0ee9a5b02ea5bad55c64f31b325b42841fee9b59987b4fefcfbaf84bfe09dda7dbe87a15ceade32d1758d5bed172fe21d0348be65bdd2ece1db20b806685524578c4a4a44ed32801d51f955d79ffe09dfe2cf195bde6b1a86ade0db1baf91574f8af8aac48abb122846d20468aa1465b380324924d7cb63b8e7094292af56a7bb26d27e9b9ed60b80337c462a585a5849b9d3b392507757d23756d2fe67cb7e1ab7d3e0d7eda4d4159aca3903cca3ac8073b47d7a57a278d7f6b5f12eaf135b697b749b554f2d760cc817b0c9e07e15db5c7ec01e3249de345d0d9a260a7fe2649c92a1876ee18563eabfb09f8d61bf167bbc38979241f688addf578a39a7881914bc6ad82ea0c526e2b9dbb39c64656178f309493a50ad18f57aabf4ff00334c578739b4d42bd4c25469be58b70959b7b25a5afa6c78effc221e26f88fb350fb3dc6a4d7d33436f24f72825bf95402d1c0aec1e77191948831191c722b26cbe1e6bdab470b5a787f5cbc17102dcc260d3e6944d135c7d956452aa43235c910061c194ec04b715fa13fb27fedfdf113f642f04681fb3eff00c2270dedee9b7d77aac73596bf7762d756b7311b9cc37d6d7707d8644db20fb4c492483322e03332b73de09ff828cf8bbf602f127c3f86f7e17e8facf8d34ff0c7f6325edb789e46b4d52c1bc64fe21511dbc70930dc0ba4b8803095b0af1385ca61ba259c51ab3494d4a52575aeebbfa1e6d4e1dc7e1e94ead4a128c212e493e569467fcaddb49796e7c41ff0acbc51a16aff0065bcf0d788ecae97543a2f953695711c83505da4d96d280fda06e43e4e37fccbf2f22bda7e227c3ef19eb5e0eb3d66f7c37e2dd26eb41bc5d1f52bab9d2ae2082d6e0a8290ca5d02c72e1d4856c121c1c1c835f4bfc6ff00db7fc4ff0002be1cf8234f7f82fe0dd0bc35e09f89ba078eaca4b6f18cfa9dd49aee99bc069e45408c973670792cd1c4bb4c4adb8a88e15e87c6bfb5ef8cbfe0a09fb3b69be1f5f03e8fa1e87a46b2979a3ea973e23f3e678e2b1b1b068a632da09ae485b004cb1bc319772191cc09b309711e0a9e15ceaca2e9b7bdeeaebf53a29f07e713cc160e187a8aba57e45197359abdf977b5b5bec7c55f0fbc53ad7c33f1748cd70184ceb15e7ee9433a0f7500e4649f7ef53fed0fa0a789b59b7d5216594ddc5b59c1c86c743f97f2afa13c27fb166a1e33f1eea362f7fa1c6d68d19ba94dc308623222baaefd80162ac0ed196c1ce31cd7abf8b3fe098f65a5f87ac96d7c71e13bed42e51a416514d2ee815700b3318c2a2e480589039af8dc6788b81a117826eea5aab7e7a1ed53e07cc1b58b74a49df95fbaf577b72edbdf4b6f73f33353f0e30876c885b1d0d66d897d127dabb979c822becef8a5fb036bda2d94d359df787b52f254b3436971334d8033c2b44bbcff00b29b989e00cd792de7ec21e36f10e8567aa69b3786a4b4d4605b9b72753d8c51b38c82bc743c1e6bd1ca78af0dccb10aaae54ed7be9e49fdc6b8ce03ce9d5faa470951d46b994542576bba56bb5e6794f86be29ebde0ebc59f4bd52ead24539063738fcabddbe12ffc145fc5fe1fb88edaff0052963dc40170a4e4f6e4f5af35ff008638f1f37c42ff0084652db4993518f4dfed691c6a51fd9e2b7def182d21c0dc5d0a8500924af1cd63defc0cd67c33f19b4df05eb4b6b6ba85fbc58922b9578591f382b28057b30ce08041c838c1fd372de2c8caac29c2a26e4aea2dad55ed7f4dd1f119a704e329d19d5c6616718c65c92938b5cb3b5f95bb594adaa5b9fa17f0fbfe0ad3f12bc2b0471d9f89350fb3e384370cea47b03915f43fc24ff82db78823b08edf5cb5d275259080e6eadc2b11d3864c74cff3af8abc67e0ff0083ff00b37c16f69a85bc31d9b4d25adadeea3717d713de18fab3085b6ae786da1005071962327c7354f895a4eafe2dd45b42b9864d37ed0e2d4445c2f979e3024f9f1d3ef73eb5e970ff001564dc4356749615a51fb6e29296b6d1ee7471af84b9c709d1a753118b87b49daf4a351ca70bc7993946d64ba5efb9e7fe06f819a878e278e0b2b596ea6948554452c589ec07f4afb37c1bf0abc6fe19f05ff62fc48f086ad0c71da2c47fb46cde04d4ad4a951cbaf12018f9b079dad838607e28f057c64bef075e43736d33c6f0bab8c3633839c6457b17897fe0a53e24f1141b65b58a6651841737524c8a3b0c0da71f4615fcf19a50cceae220e85928bba9376945f747eb9c0dc4181cad56fac546a9d48b8ce9daeaa45f47d2e9eccf483e135f047c1bd73c2fa7c925e5ad9d9ea16b6cfb4ee9d16790a90393cae0e39233c938cd2c7e3afb0e85a4dbc9b9648e58485c60ae2d67520fbe5857cf50fed8faf4735c36a16f69aa1b895a60c4f9262c9276a85046d1d86323d6b9fd67f6c0d49ef595b49d3d6c9b9923573e739c601f3483b40cf4551bbb9238af42595d6c473526aeb9a73becdb925d3e5f8b3ee72ef14f2dc1d3a75d559297b3a149c2ced18d29b95efd6d7d34e88fa9b50fda8347f82fe215d6350ba863d424b1325b589c5c19d5ed7ece07940e5639177310d8059e4f994371d0378f649fce48daf16282608cd6d962bd7009c1eb83cf1d3ad7c19f107e3049f16f5db1bebab38eccd8d8c562889317de885882cc5473f36381d00eb5e9ba5fed4314d74d2c9a2fdf7dcdfe9fea73ff003cab3c7e42a14a14e9a72b6bf3692d08ca7c5ea757178bab8b6a9a9a8c6168cdde319ce49b774eef9afbab5fb1f59787fc790797770b5d5f796fe6a3ccf26c9e2cc782cac540529d54918181d6ba7f8d5f147e1aebde27f0fe99a4683ae68be3a1e1e92da3d6fed36af6f772b6e6f36389a1663363cd817e6521c3001b015be7ef08fed83e0b3a55e7f6cf86351b8bc92cfecb6cf06a8aa919f2bca0ce0c24b6173c0239efebc17c4bfda574df126b7a0de43a17d9cf87efc5f4520be66b897f78b218f7ecd8a9b91481b32ac5c83f3115e0bc97db62a55796517dd3b2d95afdd69aa3873ce3cc36270587a319f33a4e0edef24d2949b57bdd5afeebbdfccf45d0b489bc35f16e2f145ef8c353f124d0e9f269a2db51b055636eec640ab324a36e1c9707cbe4923a31ae6fc7576be2afdab3c0bab4c55adfc33a1ff68038e04b15e5c983f299d1b1e8a6bcc3c65fb51c9abea1e743a2c5696eaf16c812f5982471a2011ee29939640c58e7b8c74ac093f6ad30ddb48da0c6cc638e025af89ca23cae07fabe84ccd9c7278f415f4987cb314a7ed7ed72f2e9a593f42315c71c3af06b2ea7cd1a4eb42b493e695e51bff337be97d75d6e7d33f18af20f889f0a358d057c992e2f6d73688a77b79f1f9734478e1499079583d837661583fb327c685f12fc07b0f0f4b2eafa3dc68f6ad6eb776f198f3134cf2473c2e46d277485594f523938715f32783bf69dd73c3f7172da8b36b0b36d78d5a510b5b38cf2a429e39e9ec39e2ba093f6cabb1691dbc3a3ac56f022a4101d419a181546d5508107000c6011f5a2590d68e1de11c5495d34ee959f5d0ba9e29607159cc33cab56509ba73a7522e2dca516ee9292b72d93d1ad55a27d91a67c50d73c29f0ce4b3b5d4a3d63c482d659629f3b85edc8dca085e3e62235555233944523a0a3e07fc6bf155c783ef2e3c5e356b5d49af840e2fec0d94896a23568f6aec43b4b99ce704131ff00b381f10f85bf698d6b42b8baf39a1be86f277b87865055637720b79647dd070a3072bc0380724eb5cfed5dab5b6b90de69f0c7691ac3e45c5ac9279d0dd2efde3230a41539c30c30c9e70483cb5785efed22e09b9fdaeab6d3d3a051f14b06aae0f14aa544b0feefb26ae9abb5ed2fb39a4f9aed7c4b7ea7d3ff00067e3278d2efc71e37b3f1535ead8d9c06446b8b72b1c177f698d62485f1f75e16998052432a07ec1ab4bc3bf1566d635af192c976d3dbe97a9585bdac7850b6fe75b4d34cbf281bb7483765b241c8f6af963c49fb6cead7da5a4167a7c16f346a44524b39b84849ea51080073eb91ea0f4ae6fe197ed2d7bf0f749d52d65b11aa7f6c5ea5f4f3cb7451da45591724ed3bb3e6139e3bd6f43869f2d593a6a2e514a315dd35af93b5f55aeb62f2ff0015b0f97d7c2d1a78aa95630a939caa34ef6945ae44b56d5da6d6d74b43eb4f835ad6adf61d7358d62e1aeaff005ad527d3ac8b22466df4eb6b890aa64000ab48c0863ce616e78158bfb56781f56d5bc65e1ff13783e1b9bcd5742be10c06ded9ae1da393e78d4aedf9d55f7211820f9a7d6bc17c51fb636ade22d09acad2c5347931b23b882e497814ca646da368c16666e7fda35d2689fb78ead61069acda359fdb34f58333c370d099e485959652b8215c9452707048ce0576d4cb7134b1ab1b46d1e56928adf952b7a5badbbb679d538f32ac4e433e1ec4d49c9544e729b4da755cb9aefed3697bb7d743e96f1c7c33d77e33fc2481bc75e13d5342b8d5c7992adc58c96ed1dc8dc16e21dea31bb0cd8191f311c2b051f096a9a2df783b5e9eddbccf32ce77819954ed2518a923d8e2bd83c4ff00f0505f13f8834c6823821b6902148a57b879fc8ff7548038eddbd8d783ea7e206b976632333139624e493ef5d391c71b46b4ea4d2826eea29b693ead76bbd6cb6d8f94e3ee22c066b86c252551d7ad4a2e32ab28f2c9c57c3177d5b4acafd882d7c41ba3ebf9d49fdba0ff0012fe75c9c72b16fbd8e6a633b28da08fad7b8f0f167e65ed656b1bd79afee5e1b8f4ac7bcbf691ff00dee7ad4220b8b8b692558666821ff5922c64a47f53d0543e628fe25fceae34d25644395cd0d375131b03d38addb2d673c719c74ae4a2b8c3e430fa67ad5c17125b2ab489246ae32acc0a86e07427af51f9d4ce9df4638cdc763ad8f58caedddb7f1afa43c13ff04f9bcf177c13d0fe235c7c44f09d8f82ee7c3f7de21d7b51b7b4bcd4bfe1195b6bdd3ecfec53476f1b3b5e99353b366836af9714c252c632aedf247f6ab420073b720300c3b1e87f1aeeb40fdaebe28783aefc2b73a3fc4bf885a55c781e09ed7c372d97892f6ddfc3d0cdc4d15994941b64907df58b686ee0e2b2f611d8d7dacac7d05f103fe0977e25f85df13758f0ef8c3c6de14d16d7c29e1fd63c4be23d52dadaf6fe1d32d74ef10cde1f7f2e18e2f3a6796ee38d957647b239b3279463900e6353ff008265ebfe1a97e3d5bf88fc5de19d1f52f80fe26d3fc25790ab6e4d76fef4ea02116c66685f691a7c84a14330120fdd02b26df26f0dfed9df177c156fa2c3a27c56f895a441e1bbeb8d53498ec7c517d6c9a5de5c09167b98024a3ca9a559a50f22619c4af927736717c23fb47fc41f879a7f8a2d7c3fe3cf1a6870f8e31ff091c5a7eb9736d1f88706423ed8a8e05c63ce97fd66eff5affde39d92b194a4dee7d25f19bfe08e9e30f821fb4a68bf0ef5cf19785163d5742d7fc592eb90c77135adae8fa3bdf99ee9523469266920d3e49122452c19c239429214d4fd9fff00e0897e2dfda774bb7bef0778f3c277f6f7df609ec84b67796f35fda5ceb7ae696f34714881f3045a0dddec91b05716fb8e0b46c2be555fda27e2047e30d0fc42be3af19af883c2f2cb3e8da98d72e7ed9a4c92dc4b752bdbcdbf7c2cf713cd33142a5a496473967626d9fdaafe281d746a8df12be207f6a0ba17c2f3fe122bbf3c4e24ba944dbfccdde6092faf5f7e73baf2e0f595cb3f224f73d73fe097779a5e8fa83dafc48f08ea1ad69bf0d6c7e23368701126a7771dd69eba89b4860491a46782d58cb3175464453208da157953e525bb6c7ff5ebd0f51fdb1fe2feabe113e1fbbf8adf12aeb413a327877fb366f13debd99d3131b2c3ca32ecfb32e0621c6c181f2d79dbe997220594db5c2c6c06d6f29b6b0f638aa8abb0f218f3b16fa5491dc90bf778c522e9d70e8ccb04fb57866f2ce013d334d9ec66b58c3490cd1ab746642a0f5ff03f95505ee5d8ae41ddfa62945ff96793cd4173a45ee9de4b4f69756eb73189613242ca2643d1972391ee322a29236543b91979c720d0e37169b170ea591f78d472df927fc6a9b9da3a5349dd529751939efd7f0a42df27cb48ee307e5ddc7e54c12f18db815406e68bf10f59f0ef87aeb4ab3bd782c6f2459648c283f329041048cafdd5ce3ae05357e216b45f77f6a5d6e51b73bbb7f915865b27a9a3a53e676b327951b52f8e358742a752ba6561b586fea3d3f5356b56f8adaf6bb069715d5f09174783ecd69fb98c7969b5570703e6e1475ce319ea493cde28c734aefa072a37a4f88fae5caec6d4a709e5ac41570a02aaec03007f7463dfbe6b177953fcb351e39a42b9ff00f5d1abdc6a296c4a5c9e28e9daa33cd18a9e5192138a8d8eefe94628a760072188abd0f8a353b61188f51be8fc950a9b6e1c6c03a01cf007b551a29edb06e6c4df1035ab844dda9df07439f304ee2439ce7273cf5aa579e21d435281a1b8bebcb88d9b7b2493bb2b37a904e33ef5528a35ea25148eaadbe36789ace1b58e0d4ee6dd2ce04b7410c8d10644276ee0ac031c1c64e7802a9f88fe24eb5e2fb6fb3ea17d3dc43b83f96d23ec0c3272173b73924e71c926b068aae662504b6439f23914da15b07934336e3537d4a3ffd9);

-- --------------------------------------------------------

--
-- Table structure for table `snacks`
--

CREATE TABLE `snacks` (
  `idsnack` int(11) NOT NULL,
  `nombre` varchar(45) NOT NULL,
  `precio` varchar(45) NOT NULL
) ENGINE=InnoDB DEFAULT CHARSET=utf8;

--
-- Dumping data for table `snacks`
--

INSERT INTO `snacks` (`idsnack`, `nombre`, `precio`) VALUES
(1, 'Hot dogs', '14500'),
(2, 'Sandwich', '12500'),
(3, 'Nachos', '11000'),
(4, 'Crispetas', '22000'),
(5, 'Chocolatina', '4500'),
(6, 'Gaseosa', '5550');

-- --------------------------------------------------------

--
-- Table structure for table `snacks_multiplex`
--

CREATE TABLE `snacks_multiplex` (
  `snacks_idsnack` int(11) NOT NULL,
  `multiplex_idmultiplex` int(11) NOT NULL,
  `disponibles` int(11) NOT NULL
) ENGINE=InnoDB DEFAULT CHARSET=utf8;

--
-- Dumping data for table `snacks_multiplex`
--

INSERT INTO `snacks_multiplex` (`snacks_idsnack`, `multiplex_idmultiplex`, `disponibles`) VALUES
(1, 1, 23),
(1, 2, 19),
(1, 3, 43),
(1, 4, 32),
(1, 5, 24),
(1, 6, 21),
(2, 1, 23),
(2, 2, 25),
(2, 3, 26),
(2, 4, 28),
(2, 5, 29),
(2, 6, 30),
(3, 1, 35),
(3, 2, 31),
(3, 3, 31),
(3, 4, 31),
(3, 5, 34),
(3, 6, 23),
(4, 1, 21),
(4, 2, 22),
(4, 3, 23),
(4, 4, 27),
(4, 5, 25),
(4, 6, 26),
(5, 1, 21),
(5, 2, 3),
(5, 3, 0),
(5, 4, 0),
(5, 5, 5),
(5, 6, 14),
(6, 1, 7),
(6, 2, 16),
(6, 3, 0),
(6, 4, 8),
(6, 5, 18),
(6, 6, 6);

-- --------------------------------------------------------

--
-- Table structure for table `ticket`
--

CREATE TABLE `ticket` (
  `idticket` int(11) NOT NULL,
  `asiento_idasiento` int(11) NOT NULL,
  `funcion_idfuncion` int(11) NOT NULL,
  `cliente_documento` int(11) NOT NULL
) ENGINE=InnoDB DEFAULT CHARSET=utf8;

--
-- Dumping data for table `ticket`
--

INSERT INTO `ticket` (`idticket`, `asiento_idasiento`, `funcion_idfuncion`, `cliente_documento`) VALUES
(1, 1, 2, 1),
(2, 41, 2, 1),
(3, 9, 1, 3),
(4, 19, 1, 3),
(5, 29, 1, 3),
(6, 39, 1, 3),
(7, 40, 1, 3),
(8, 20, 1, 3),
(9, 30, 1, 3),
(10, 10, 1, 2),
(11, 35, 3, 1),
(12, 36, 3, 1),
(13, 47, 3, 1),
(14, 35, 5, 1),
(15, 4, 8, 3),
(16, 5, 8, 3),
(17, 42, 19, 1),
(18, 43, 19, 1),
(19, 53, 19, 1),
(20, 54, 19, 1),
(21, 44, 19, 1),
(22, 45, 19, 1),
(23, 55, 19, 1),
(24, 56, 19, 1),
(25, 46, 19, 1),
(26, 3, 70, 1),
(27, 13, 70, 1),
(28, 14, 70, 1),
(29, 24, 70, 1),
(30, 23, 70, 1),
(31, 33, 70, 1),
(32, 34, 70, 1),
(33, 35, 70, 1),
(34, 36, 70, 1),
(35, 1, 55, 1),
(36, 2, 55, 1),
(37, 1, 1, 1),
(38, 26, 41, 1),
(39, 34, 41, 1),
(40, 24, 23, 1),
(41, 44, 1, 1),
(42, 58, 1, 1),
(43, 34, 1, 1),
(44, 35, 1, 1),
(45, 38, 1, 1),
(46, 25, 12, 1),
(47, 24, 1, 1),
(48, 14, 1, 1),
(49, 23, 1, 1),
(50, 22, 1, 1),
(51, 12, 1, 1),
(52, 13, 1, 1),
(53, 25, 1, 1),
(54, 36, 1, 1),
(55, 37, 1, 1),
(56, 25, 5, 1),
(57, 46, 1, 1),
(58, 17, 1, 6),
(59, 32, 1, 6),
(60, 33, 1, 1);

--
-- Indexes for dumped tables
--

--
-- Indexes for table `asiento`
--
ALTER TABLE `asiento`
  ADD PRIMARY KEY (`idasiento`);

--
-- Indexes for table `calificacion`
--
ALTER TABLE `calificacion`
  ADD PRIMARY KEY (`idcalificacion`,`pelicula_idpelicula`,`cliente_documento`),
  ADD KEY `fk_calificacion_pelicula1_idx` (`pelicula_idpelicula`),
  ADD KEY `fk_calificacion_cliente1_idx` (`cliente_documento`);

--
-- Indexes for table `cliente`
--
ALTER TABLE `cliente`
  ADD PRIMARY KEY (`documento`);

--
-- Indexes for table `empleados`
--
ALTER TABLE `empleados`
  ADD PRIMARY KEY (`multiplex_idmultiplex`,`codigo`),
  ADD KEY `fk_empleados_multiplex1_idx` (`multiplex_idmultiplex`);

--
-- Indexes for table `fechas`
--
ALTER TABLE `fechas`
  ADD PRIMARY KEY (`idfecha`);

--
-- Indexes for table `funcion`
--
ALTER TABLE `funcion`
  ADD PRIMARY KEY (`idfuncion`,`pelicula_idpelicula`,`multiplex_idmultiplex`,`horario_idhorario`,`fechas_idfecha`),
  ADD KEY `fk_sala_pelicula1_idx` (`pelicula_idpelicula`),
  ADD KEY `fk_sala_multiplex1_idx` (`multiplex_idmultiplex`),
  ADD KEY `fk_funcion_horario1_idx` (`horario_idhorario`),
  ADD KEY `fk_funcion_fechas1_idx` (`fechas_idfecha`);

--
-- Indexes for table `horario`
--
ALTER TABLE `horario`
  ADD PRIMARY KEY (`idhorario`);

--
-- Indexes for table `multiplex`
--
ALTER TABLE `multiplex`
  ADD PRIMARY KEY (`idmultiplex`);

--
-- Indexes for table `pelicula`
--
ALTER TABLE `pelicula`
  ADD PRIMARY KEY (`idpelicula`);

--
-- Indexes for table `snacks`
--
ALTER TABLE `snacks`
  ADD PRIMARY KEY (`idsnack`);

--
-- Indexes for table `snacks_multiplex`
--
ALTER TABLE `snacks_multiplex`
  ADD PRIMARY KEY (`snacks_idsnack`,`multiplex_idmultiplex`),
  ADD KEY `fk_snacks_has_multiplex_multiplex1_idx` (`multiplex_idmultiplex`),
  ADD KEY `fk_snacks_has_multiplex_snacks1_idx` (`snacks_idsnack`);

--
-- Indexes for table `ticket`
--
ALTER TABLE `ticket`
  ADD PRIMARY KEY (`idticket`,`asiento_idasiento`,`funcion_idfuncion`,`cliente_documento`),
  ADD KEY `fk_funcion_asiento1_idx` (`asiento_idasiento`),
  ADD KEY `fk_disponibilidad_funcion1_idx` (`funcion_idfuncion`),
  ADD KEY `fk_disponibilidad_cliente1_idx` (`cliente_documento`);

--
-- AUTO_INCREMENT for dumped tables
--

--
-- AUTO_INCREMENT for table `asiento`
--
ALTER TABLE `asiento`
  MODIFY `idasiento` int(11) NOT NULL AUTO_INCREMENT, AUTO_INCREMENT=61;

--
-- AUTO_INCREMENT for table `calificacion`
--
ALTER TABLE `calificacion`
  MODIFY `idcalificacion` int(11) NOT NULL AUTO_INCREMENT, AUTO_INCREMENT=9;

--
-- AUTO_INCREMENT for table `fechas`
--
ALTER TABLE `fechas`
  MODIFY `idfecha` int(11) NOT NULL AUTO_INCREMENT, AUTO_INCREMENT=9;

--
-- AUTO_INCREMENT for table `funcion`
--
ALTER TABLE `funcion`
  MODIFY `idfuncion` int(11) NOT NULL AUTO_INCREMENT, AUTO_INCREMENT=160;

--
-- AUTO_INCREMENT for table `horario`
--
ALTER TABLE `horario`
  MODIFY `idhorario` int(11) NOT NULL AUTO_INCREMENT, AUTO_INCREMENT=35;

--
-- AUTO_INCREMENT for table `multiplex`
--
ALTER TABLE `multiplex`
  MODIFY `idmultiplex` int(11) NOT NULL AUTO_INCREMENT, AUTO_INCREMENT=7;

--
-- AUTO_INCREMENT for table `pelicula`
--
ALTER TABLE `pelicula`
  MODIFY `idpelicula` int(11) NOT NULL AUTO_INCREMENT, AUTO_INCREMENT=6;

--
-- AUTO_INCREMENT for table `snacks`
--
ALTER TABLE `snacks`
  MODIFY `idsnack` int(11) NOT NULL AUTO_INCREMENT, AUTO_INCREMENT=7;

--
-- AUTO_INCREMENT for table `ticket`
--
ALTER TABLE `ticket`
  MODIFY `idticket` int(11) NOT NULL AUTO_INCREMENT, AUTO_INCREMENT=61;

--
-- Constraints for dumped tables
--

--
-- Constraints for table `calificacion`
--
ALTER TABLE `calificacion`
  ADD CONSTRAINT `fk_calificacion_cliente1` FOREIGN KEY (`cliente_documento`) REFERENCES `cliente` (`documento`) ON DELETE NO ACTION ON UPDATE NO ACTION,
  ADD CONSTRAINT `fk_calificacion_pelicula1` FOREIGN KEY (`pelicula_idpelicula`) REFERENCES `pelicula` (`idpelicula`) ON DELETE NO ACTION ON UPDATE NO ACTION;

--
-- Constraints for table `empleados`
--
ALTER TABLE `empleados`
  ADD CONSTRAINT `fk_empleados_multiplex1` FOREIGN KEY (`multiplex_idmultiplex`) REFERENCES `multiplex` (`idmultiplex`) ON DELETE NO ACTION ON UPDATE NO ACTION;

--
-- Constraints for table `funcion`
--
ALTER TABLE `funcion`
  ADD CONSTRAINT `fk_funcion_fechas1` FOREIGN KEY (`fechas_idfecha`) REFERENCES `fechas` (`idfecha`) ON DELETE NO ACTION ON UPDATE NO ACTION,
  ADD CONSTRAINT `fk_funcion_horario1` FOREIGN KEY (`horario_idhorario`) REFERENCES `horario` (`idhorario`) ON DELETE NO ACTION ON UPDATE NO ACTION,
  ADD CONSTRAINT `fk_sala_multiplex1` FOREIGN KEY (`multiplex_idmultiplex`) REFERENCES `multiplex` (`idmultiplex`) ON DELETE NO ACTION ON UPDATE NO ACTION,
  ADD CONSTRAINT `fk_sala_pelicula1` FOREIGN KEY (`pelicula_idpelicula`) REFERENCES `pelicula` (`idpelicula`) ON DELETE NO ACTION ON UPDATE NO ACTION;

--
-- Constraints for table `snacks_multiplex`
--
ALTER TABLE `snacks_multiplex`
  ADD CONSTRAINT `fk_snacks_has_multiplex_multiplex1` FOREIGN KEY (`multiplex_idmultiplex`) REFERENCES `multiplex` (`idmultiplex`) ON DELETE NO ACTION ON UPDATE NO ACTION,
  ADD CONSTRAINT `fk_snacks_has_multiplex_snacks1` FOREIGN KEY (`snacks_idsnack`) REFERENCES `snacks` (`idsnack`) ON DELETE NO ACTION ON UPDATE NO ACTION;

--
-- Constraints for table `ticket`
--
ALTER TABLE `ticket`
  ADD CONSTRAINT `fk_disponibilidad_cliente1` FOREIGN KEY (`cliente_documento`) REFERENCES `cliente` (`documento`) ON DELETE NO ACTION ON UPDATE NO ACTION,
  ADD CONSTRAINT `fk_disponibilidad_funcion1` FOREIGN KEY (`funcion_idfuncion`) REFERENCES `funcion` (`idfuncion`) ON DELETE NO ACTION ON UPDATE NO ACTION,
  ADD CONSTRAINT `fk_funcion_asiento1` FOREIGN KEY (`asiento_idasiento`) REFERENCES `asiento` (`idasiento`) ON DELETE NO ACTION ON UPDATE NO ACTION;
COMMIT;

/*!40101 SET CHARACTER_SET_CLIENT=@OLD_CHARACTER_SET_CLIENT */;
/*!40101 SET CHARACTER_SET_RESULTS=@OLD_CHARACTER_SET_RESULTS */;
/*!40101 SET COLLATION_CONNECTION=@OLD_COLLATION_CONNECTION */;
